Upper Nile State,Akoka,Akoka,Akoka,11
Upper Nile State,Akoka,Akoka,Bienythiang,11
Upper Nile State,Akoka,Akudueng,Bai Chan,11
Upper Nile State,Akoka,Akudueng,Loier,11
Upper Nile State,Akoka,Rom,Riangnum,11
Upper Nile State,Akoka,Rom,Rom,11
Upper Nile State,Baliet,Abwong,Abwong,11
Upper Nile State,Baliet,Abwong,Wunbut,11
Upper Nile State,Baliet,Adong,Dakjur,11
Upper Nile State,Baliet,Gel Achiel,Wunthow,11
Upper Nile State,Baliet,Kuel,Miareng,11
Upper Nile State,Baliet,Nyongkuach,Pagak,11
Upper Nile State,Baliet,Nyongkuach,Riangnum,11
Upper Nile State,Baliet,Nyongrial,Banglei,11
Upper Nile State,Baliet,Rom,Rom Centre,11
Upper Nile State,Baliet,Wunthow,Majak,11
Upper Nile State,Malakal,Central Malakal,Central Malakal Boma,11
Upper Nile State,Malakal,Central Malakal,Ray El-Mesiri,11
Upper Nile State,Malakal,Central Malakal,Ray El-Mesiri,11
Upper Nile State,Malakal,Lelo,Makal,11
Upper Nile State,Malakal,Lelo,Obwa,11
Upper Nile State,Malakal,Lelo,Obwa,11
Upper Nile State,Malakal,Northern Malakal,Elbesery,11
Upper Nile State,Malakal,Northern Malakal,Elbesery,11
Upper Nile State,Malakal,Northern Malakal,Hai Matar,11
Upper Nile State,Malakal,Northern Malakal,Hai Matar,11
Upper Nile State,Malakal,Ogot,Ogot,11
Upper Nile State,Malakal,Ogot,Wau,11
Upper Nile State,Malakal,Southern Malakal,Assosa,11
Upper Nile State,Malakal,Southern Malakal,Assosa,11
Upper Nile State,Malakal,Warajwok,Warajwok,11
Upper Nile State,Panyikang,Dheteim,Duh,11
Upper Nile State,Panyikang,Dheteim,Thuor,11
Upper Nile State,Panyikang,Pakang,Abujop,11
Upper Nile State,Panyikang,Panyidwoi,Obel,11
Upper Nile State,Panyikang,Panyidwoi,Obel,11
Upper Nile State,Panyikang,Panyidwoi,Pajou,11
Upper Nile State,Panyikang,Panyidwoi,Pathuor,11
Upper Nile State,Panyikang,Panyikang,Odwoc,11
Upper Nile State,Panyikang,Panyikang,Pakan,11
Upper Nile State,Panyikang,Panyikang,Pakan,11
Upper Nile State,Panyikang,Tonga,Atiego,11
Upper Nile State,Panyikang,Tonga,Atiego,11
Upper Nile State,Panyikang,Tonga,Tonga,11
Upper Nile State,Pigi,Alam,Alam,11
Upper Nile State,Pigi,Atar,Atar School,11
Upper Nile State,Pigi,Atar,Atar School,11
Upper Nile State,Pigi,Atar,Chuei Ardeb Thaar,11
Upper Nile State,Pigi,Atar,Dengluat,11
Upper Nile State,Pigi,Atar,Wun Kiir,11
Upper Nile State,Pigi,Atar,Wun Kiir,11
Upper Nile State,Pigi,Atar,Wun Kiir,11
Upper Nile State,Pigi,Kaldak,Piji,11
Upper Nile State,Pigi,Khorwach,Cuai,11
Upper Nile State,Pigi,Mareng,Gokjack,11
Upper Nile State,Pigi,Wunlem,Wunlem,11
Upper Nile State,Fashoda,Dethok,Abienyay,11
Upper Nile State,Fashoda,Dethok,Achak,11
Upper Nile State,Fashoda,Dethok,Pabiw,11
Upper Nile State,Fashoda,Dethok,Pabiw,11
Upper Nile State,Fashoda,Dethok,Pabiw,11
Upper Nile State,Fashoda,Kodok,Gulbany,11
Upper Nile State,Fashoda,Kodok,Kodok Town,11
Upper Nile State,Fashoda,Kodok,Kodok Town,11
Upper Nile State,Fashoda,Kodok,Nyigir,11
Upper Nile State,Fashoda,Kodok Town,Debor,11
Upper Nile State,Fashoda,Kodok Town,Hai Alsalam,11
Upper Nile State,Fashoda,Lul,Buol,11
Upper Nile State,Fashoda,Lul,Fashoda,11
Upper Nile State,Fashoda,Lul,Fashoda,11
Upper Nile State,Fashoda,Lul,Fashoda,11
Upper Nile State,Fashoda,Lul,Fashoda,11
Upper Nile State,Manyo,Adhidwoi,Athidwoi,11
Upper Nile State,Manyo,Adhidwoi,Athidwoi,11
Upper Nile State,Manyo,Adhidwoi,Athidwoi,11
Upper Nile State,Manyo,Adhidwoi,Kuoch,11
Upper Nile State,Manyo,Kaka,Aderi,11
Upper Nile State,Manyo,Kaka,Kaka,11
Upper Nile State,Manyo,Kaka,Thorguang,11
Upper Nile State,Manyo,Kaka,Thorguang,11
Upper Nile State,Manyo,Kwoj,Delal Ajak,11
Upper Nile State,Manyo,Kwoj,Noon,11
Upper Nile State,Manyo,Magenist,Kidguang,11
Upper Nile State,Manyo,Wadakona,Manam,11
Upper Nile State,Manyo,Wadakona,Wadakona,11
Upper Nile State,Manyo,Wedakona,Ayat,11
Upper Nile State,manyo,Wedakona,Ayat,11
Upper Nile State,Manyo,Wedakona,Bushara,11
Upper Nile State,Manyo,Wedakona,Garang,11
Upper Nile State,Manyo,Wedakona,Garang,11
Upper Nile State,Manyo,Wedakona,Kuek,11
Upper Nile State,Manyo,Wedakona,Kuek,11
Upper Nile State,Manyo,Wedakona,Kuek,11
Upper Nile State,Manyo,Wedakona,Ommar,11
Upper Nile State,Luakpiny/Nasir,Dingkar,Dingkar,11
Upper Nile State,Luakpiny/Nasir,Dingkar,Lualeyaak,11
Upper Nile State,Luakpiny/Nasir,Jikmir,Jikmir,11
Upper Nile State,Luakpiny/Nasir,Jikmir,Jikmir,11
Upper Nile State,Luakpiny/Nasir,Kiech Kuon,Kiech Kuon,11
Upper Nile State,Luakpiny/Nasir,Kiech Kuon,Kiech Two,11
Upper Nile State,Luakpiny/Nasir,Kiech Kuon,Koat,11
Upper Nile State,Luakpiny/Nasir,Kiech Kuon,Lonylok,11
Upper Nile State,Luakpiny/Nasir,Kiech Kuon,Lonylok,11
Upper Nile State,Luakpiny/Nasir,Kiech Kuon,Lonylok,11
Upper Nile State,Luakpiny/Nasir,Kiech Kuon,Lonylok,11
Upper Nile State,Luakpiny/Nasir,Kiech Kuon,Lonylok,11
Upper Nile State,Luakpiny/Nasir,Kuerenge-ke,Torjuoc,11
Upper Nile State,Luakpiny/Nasir,Kuerenge-ke,Torjuoc,11
Upper Nile State,Luakpiny/Nasir,Kuerenge-ke,Torjuoc,11
Upper Nile State,Luakpiny/Nasir,Kuerenge-ke,Torjuoc,11
Upper Nile State,Luakpiny/Nasir,Mading,Boreel,11
Upper Nile State,Luakpiny/Nasir,Maker,Gur Nyang,11
Upper Nile State,Luakpiny/Nasir,Maker,Maker,11
Upper Nile State,Luakpiny/Nasir,Nasir,Torjuoc,11
Upper Nile State,Luakpiny/Nasir,Nasir,Torjuoc,11
Upper Nile State,Luakpiny/Nasir,Roam,Luak-wien,11
Upper Nile State,Luakpiny/Nasir,Roam,Luak-wien,11
Upper Nile State,Luakpiny/Nasir,Roam,Luak-wien,11
Upper Nile State,Ulang,Doma,Parial,11
Upper Nile State,Ulang,Doma,Riang,11
Upper Nile State,Ulang,Doma,Riang,11
Upper Nile State,Ulang,Kurmuot,Kuich,11
Upper Nile State,Ulang,Ulang,Bul Buong,11
Upper Nile State,Ulang,Ulang,Ying,11
Upper Nile State,Ulang,Yomding,Rup-Buot,11
Upper Nile State,Ulang,Yomding,Rup-Buot,11
Upper Nile State,Ulang,Yomding,Rup-Buot,11
Upper Nile State,Longochuk,Dajo,Dajo,11
Upper Nile State,Longochuk,Dajo,Dajo,11
Upper Nile State,Longochuk,Dajo,Dajo,11
Upper Nile State,Longochuk,Dajo,Dajo,11
Upper Nile State,Longochuk,Guelguk,Mangok,11
Upper Nile State,Longochuk,Guelguk,Mangok,11
Upper Nile State,Longochuk,Guelguk,Mangok,11
Upper Nile State,Longochuk,Guelguk,Mangok,11
Upper Nile State,Longochuk,Guelguk,Mangok,11
Upper Nile State,Longochuk,Longochuk,Jangok,11
Upper Nile State,Longochuk,Malual,Tichak,11
Upper Nile State,Longochuk,Pamach,Pamach,11
Upper Nile State,Longochuk,Pamach,Tichak,11
Upper Nile State,Longochuk,Wudier,Kiergaw,11
Upper Nile State,Longochuk,Wudier,Kiergaw,11
Upper Nile State,Maiwut,Jekow,Oriang,11
Upper Nile State,Maiwut,Jekow,Turuw,11
Upper Nile State,Maiwut,Jotome,Wunkir,11
Upper Nile State,Maiwut,Jotome,Wunkir,11
Upper Nile State,Maiwut,Kigile,Abajabe,11
Upper Nile State,Maiwut,Kigile,Abajabe,11
Upper Nile State,Maiwut,Maiwut,Kulang,11
Upper Nile State,Maiwut,Olang,Oleng,11
Upper Nile State,Maiwut,Olang,Oleng,11
Upper Nile State,Maiwut,Pagak,Yuayding,11
Upper Nile State,Maiwut,Pagak,Yuayding,11
Upper Nile State,Maban,Banashowa,Banashowa,11
Upper Nile State,Maban,Banashowa,Dangeji,11
Upper Nile State,Maban,Banashowa,Dangeji,11
Upper Nile State,Maban,Banashowa,Liang,11
Upper Nile State,Maban,Boung,Boung,11
Upper Nile State,Maban,Boung,Boung,11
Upper Nile State,Maban,Boung,Boung,11
Upper Nile State,Maban,Boung,Boung,11
Upper Nile State,Maban,Boung,Boung,11
Upper Nile State,Maban,Boung,Boung,11
Upper Nile State,Maban,Boung,Boung,11
Upper Nile State,Maban,Boung,Boung,11
Upper Nile State,Maban,Jinkuata,Kuunyjuria,11
Upper Nile State,Maban,Jinkuata,Kuunyjuria,11
Upper Nile State,Maban,Jinkuata,Kuunyjuria,11
Upper Nile State,Maban,Jinmakda,Jamam,11
Upper Nile State,Maban,Jinmakda,Jamam,11
Upper Nile State,Maban,Jinmakda,Jamam,11
Upper Nile State,Maban,Jinmakda,Jamam,11
Upper Nile State,Maban,Khor El Amer,Dhuma,11
Upper Nile State,Maban,Khor El Amer,Yiellen,11
Upper Nile State,Maban,Khor El Amer,Yiellen,11
Upper Nile State,Maban,Khor El Amer,Yiellen,11
Upper Nile State,Melut,Bimachuk,Parag,11
Upper Nile State,Melut,Bimachuk,Parag,11
Upper Nile State,Melut,Galdora,Galdora,11
Upper Nile State,Melut,Galdora,Thieng Rial,11
Upper Nile State,Melut,Melut,Torkuach,11
Upper Nile State,Melut,Melut,Torkuach,11
Upper Nile State,Melut,Paloch,Paloch,11
Upper Nile State,Melut,Panomdit,Malek,11
Upper Nile State,Melut,Wunamum,Agordiit,11
Upper Nile State,Renk,Chemmedi,Chemmedi,11
Upper Nile State,Renk,Chemmedi,Labior,11
Upper Nile State,Renk,Geger,Gerbena,11
Upper Nile State,Renk,Geger,Gerbena,11
Upper Nile State,Renk,Geger,Gerbena,11
Upper Nile State,Renk,Geger,Gerbena,11
Upper Nile State,Renk,Geger,Gerger,11
Upper Nile State,Renk,Geger,Gerger,11
Upper Nile State,Renk,Geger,Gospamni,11
Upper Nile State,Renk,Geger,Kilo 15,11
Upper Nile State,Renk,Geger,Kilo Five,11
Upper Nile State,Renk,Geger,Wunthow,11
Upper Nile State,Renk,Geger,Wunthow,11
Upper Nile State,Renk,Geger,Wunthow,11
Upper Nile State,Renk,Geger,Wunthow,11
Upper Nile State,Renk,Geger,Wunthow,11
Upper Nile State,Renk,Jalhak,Awarpiny,11
Upper Nile State,Renk,Jalhak,Awarpiny,11
Upper Nile State,Renk,Jalhak,Jalhak Centre,11
Upper Nile State,Renk,Jalhak,Molbok,11
Upper Nile State,Renk,North Renk,Abukazer,11
Upper Nile State,Renk,North Renk,Hai-Theraya,11
Upper Nile State,Renk,North Renk,Hai-Theraya,11
Upper Nile State,Renk,North Renk,Kumshuer,11
Upper Nile State,Renk,North Renk,Kumshuer,11
Upper Nile State,Renk,North Renk,Kumshuer,11
Jonglei State,Akobo,Barmach,Wechjal,12
Jonglei State,Akobo,Bilkey,Okau,12
Jonglei State,Akobo,Bilkey,Old Akobo,12
Jonglei State,Akobo,Bilkey,Rine,12
Jonglei State,Akobo,Buong,Manguet,12
Jonglei State,Akobo,Dengjok,Gakdong,12
Jonglei State,Akobo,Dengjok,Nukta,12
Jonglei State,Akobo,Dengjok,Nukta,12
Jonglei State,Akobo,Dengjok,Nukta,12
Jonglei State,Akobo,Diror,Dik,12
Jonglei State,Akobo,Diror,Tangnyang,12
Jonglei State,Akobo,Nyandit,Chiban,12
Jonglei State,Akobo,Nyandit,Mer,12
Jonglei State,Akobo,Nyandit,Mer,12
Jonglei State,Akobo,Nyandit,Padida,12
Jonglei State,Akobo,Nyandit,Padida,12
Jonglei State,Akobo,Walgak,Walgak,12
Jonglei State,Akobo,Walgak,Walgak,12
Jonglei State,Nyirol,Chuil,Chuil,12
Jonglei State,Nyirol,Nyambor,Riang,12
Jonglei State,Nyirol,Nyambor,Riang,12
Jonglei State,Nyirol,Nyambor,Riang,12
Jonglei State,Nyirol,Pading,Boiloch,12
Jonglei State,Nyirol,Pading,Wenyal,12
Jonglei State,Nyirol,Pulturuk,Panyang,12
Jonglei State,Nyirol,Thol,Lankien,12
Jonglei State,Nyirol,Thol,Lankien,12
Jonglei State,Nyirol,Thol,Tut,12
Jonglei State,Nyirol,Thol,Tut,12
Jonglei State,Nyirol,Waat,Bourdit,12
Jonglei State,Nyirol,Waat,Bourdit,12
Jonglei State,Nyirol,Waat,Bourdit,12
Jonglei State,Uror,Karam,Karam,12
Jonglei State,Uror,Karam,Karam,12
Jonglei State,Uror,Karam,Patuak,12
Jonglei State,Uror,Motot,Motot,12
Jonglei State,Uror,Pathai,Kuerguarnyabiel,12
Jonglei State,Uror,Pathai,Pathai,12
Jonglei State,Uror,Payai,Payai,12
Jonglei State,Uror,Payai,Payai,12
Jonglei State,Uror,Pieri,Kueldhal,12
Jonglei State,Uror,Puolchuol,Weikey,12
Jonglei State,Uror,Tiam,Panyang,12
Jonglei State,Uror,Wuror,Kuerluot,12
Jonglei State,Uror,Wuror,Kuerluot,12
Jonglei State,Uror,Wuror,Uleng,12
Jonglei State,Uror,Wuror,Week,12
Jonglei State,Pibor,Boma,Churi,12
Jonglei State,Pibor,Boma,Churi,12
Jonglei State,Pibor,Boma,Itti,12
Jonglei State,Pibor,Boma,Itti,12
Jonglei State,Pibor,Boma,Itti,12
Jonglei State,Pibor,Boma,Jonglei,12
Jonglei State,Pibor,Boma,Nyalangoro,12
Jonglei State,Pibor,Boma,Nyat,12
Jonglei State,Pibor,Boma,Orgin,12
Jonglei State,Pibor,Boma,Orgin,12
Jonglei State,Pibor,Gumuruk,Gumuruk Centre,12
Jonglei State,Pibor,Kiziongora,Koradef,12
Jonglei State,Pibor,Kiziongora,Kuruono,12
Jonglei State,Pibor,Kiziongora,Kuruono,12
Jonglei State,Pibor,Lekuangole,Dhalmany,12
Jonglei State,Pibor,Lekuangole,Lekuangole,12
Jonglei State,Pibor,Marow,Munyma,12
Jonglei State,Pibor,Miwono,Mewun,12
Jonglei State,Pibor,Pibor,Pibor,12
Jonglei State,Pibor,Pibor,Pibor,12
Jonglei State,Pibor,Pibor,Pibor,12
Jonglei State,Pibor,Vertheth,Kelebeta,12
Jonglei State,Pochalla,Adongo,Ajwara,12
Jonglei State,Pochalla,Adongo,Ajwara,12
Jonglei State,Pochalla,Adongo,Ajwara,12
Jonglei State,Pochalla,Akiela,Okadi,12
Jonglei State,Pochalla,Pochalla,Lokri,12
Jonglei State,Pochalla,Pochalla,Lokri,12
Jonglei State,Pochalla,Pochalla,Lokri,12
Jonglei State,Pochalla,Pochalla,Lokri,12
Jonglei State,Pochalla,Pochalla,Ojangbae,12
Jonglei State,Ayod,Ayod,Kalibalek,12
Jonglei State,Ayod,Ayod,Kuei,12
Jonglei State,Ayod,Kuach-deng,Biei,12
Jonglei State,Ayod,Kuach-deng,Biei,12
Jonglei State,Ayod,Kurwai,Haat,12
Jonglei State,Ayod,Kurwai,Haat,12
Jonglei State,Ayod,Kurwai,Matime,12
Jonglei State,Ayod,Kurwai,Matime,12
Jonglei State,Ayod,Kurwai,Wau 2,12
Jonglei State,Ayod,Mogok,Panyang,12
Jonglei State,Ayod,Mogok,Panyang,12
Jonglei State,Ayod,Mogok,Panyang,12
Jonglei State,Ayod,Mogok,Panyang,12
Jonglei State,Ayod,Pagil,Pagil,12
Jonglei State,Ayod,Pagil,Pagil,12
Jonglei State,Ayod,Pajiek,Keer,12
Jonglei State,Ayod,Pajiek,Nyawit,12
Jonglei State,Ayod,Pajiek,Pajiek,12
Jonglei State,Ayod,Pajiek,Yian,12
Jonglei State,Ayod,Pajiek,Yian,12
Jonglei State,Ayod,Pajiek,Yian,12
Jonglei State,Ayod,Pajiek,Yian,12
Jonglei State,Ayod,Wau,Wan Machar,12
Jonglei State,Ayod,Wau,Wau,12
Jonglei State,Ayod,Wau,Wau,12
Jonglei State,Fangak,Manajang,Juaibor,12
Jonglei State,Fangak,Manajang,Juaibor,12
Jonglei State,Fangak,Manajang,Juaibor,12
Jonglei State,Fangak,Manajang,Juaibor,12
Jonglei State,Fangak,Manajang,Juaibor,12
Jonglei State,Fangak,Manajang,Kuernyang,12
Jonglei State,Fangak,Manajang,Kuernyang,12
Jonglei State,Fangak,Mareang,Nyadin,12
Jonglei State,Fangak,Mareang,Nyadin,12
Jonglei State,Fangak,Mareang,Nyadin,12
Jonglei State,Fangak,Mareang,Toch,12
Jonglei State,Fangak,Mareang,Toch,12
Jonglei State,Fangak,Mareang,Toch,12
Jonglei State,Fangak,Old Fangak,Chotbara,12
Jonglei State,Fangak,Old Fangak,Chotbara,12
Jonglei State,Fangak,Old Fangak,Old Fangak,12
Jonglei State,Fangak,Old Fangak,Old Fangak,12
Jonglei State,Fangak,Paguer,Keew,12
Jonglei State,Fangak,Paguer,Kuerpon,12
Jonglei State,Fangak,Paguer,Thokchak,12
Jonglei State,Fangak,Paguer,Thokchak,12
Jonglei State,Fangak,Paguer,Thokchak,12
Jonglei State,Fangak,Paguer,Thokchak,12
Jonglei State,Fangak,Phom,Hai-monezemaat,12
Jonglei State,Bor South,Anyidi,Chuei-magon,12
Jonglei State,Bor South,Anyidi,Chuei-magon,12
Jonglei State,Bor South,Anyidi,Mareng,12
Jonglei State,Bor South,Anyidi,Thianwei,12
Jonglei State,Bor South,Baidit,Makol-chuei,12
Jonglei State,Bor South,Baidit,Makol-chuei,12
Jonglei State,Bor South,Baidit,Manydeng,12
Jonglei State,Bor South,Baidit,Mathiang,12
Jonglei State,Bor South,Baidit,Mathiang,12
Jonglei State,Bor South,Baidit,Tong,12
Jonglei State,Bor South,Bor,Bor-town,12
Jonglei State,Bor South,Bor,Gaak-yuom,12
Jonglei State,Bor South,Bor,Jarwong,12
Jonglei State,Bor South,Bor,Langbar,12
Jonglei State,Bor South,Bor,Langbar,12
Jonglei State,Bor South,Bor,Pakua,12
Jonglei State,Bor South,Bor,Panapet,12
Jonglei State,Bor South,Bor,Tuonygeau,12
Jonglei State,Bor South,Jalle,Akuai-deng,12
Jonglei State,Bor South,Jalle,Akuai-deng,12
Jonglei State,Bor South,Jalle,Jalle,12
Jonglei State,Bor South,Jalle,Jalle,12
Jonglei State,Bor South,Jalle,Kolmarek,12
Jonglei State,Bor South,Kolnyang,Chuei-keer,12
Jonglei State,Bor South,Kolnyang,Kolnyang,12
Jonglei State,Bor South,Kolnyang,Pariak,12
Jonglei State,Bor South,Kolnyang,Pariak,12
Jonglei State,Bor South,Kolnyang,Pariak,12
Jonglei State,Bor South,Kolnyang,Pariak,12
Jonglei State,Bor South,Kolnyang,Pariak,12
Jonglei State,Bor South,Kolnyang,Pariak,12
Jonglei State,Bor South,Kolnyang,Pariak,12
Jonglei State,Bor South,Makuach,Kapat,12
Jonglei State,Bor South,Makuach,Konbek,12
Jonglei State,Bor South,Makuach,Makuach,12
Jonglei State,Bor South,Makuach,Werkok,12
Jonglei State,Bor South,Makuach,Werkok,12
Jonglei State,Bor South,Makuach,Werkok,12
Jonglei State,Duk,Ageer,Patuatnoi,12
Jonglei State,Duk,Ageer,Poktap,12
Jonglei State,Duk,Ageer,Poktap,12
Jonglei State,Duk,Dongchak,Amiel,12
Jonglei State,Duk,Dongchak,Amiel,12
Jonglei State,Duk,Dongchak,Wunthor,12
Jonglei State,Duk,Dongchak,Wunthor,12
Jonglei State,Duk,Padiet,Padiet,12
Jonglei State,Duk,Padiet,Padiet,12
Jonglei State,Duk,Padiet,Padiet,12
Jonglei State,Duk,Pagak,Pagak,12
Jonglei State,Duk,Pagak,Pagak,12
Jonglei State,Duk,Panyang,Pagaleng,12
Jonglei State,Duk,Panyang,Pajut,12
Jonglei State,Duk,Panyang,Pajut,12
Jonglei State,Duk,Payuel,Mareng,12
Jonglei State,Duk,Payuel,Mareng,12
Jonglei State,Twic East,Ajuong,Paliau,12
Jonglei State,Twic East,Kongor,Garalei,12
Jonglei State,Twic East,Kongor,Pageer,12
Jonglei State,Twic East,Kongor,Pawel,12
Jonglei State,Twic East,Kongor,Pawel,12
Jonglei State,Twic East,Lith,Kiir,12
Jonglei State,Twic East,Lith,Mabior,12
Jonglei State,Twic East,Lith,Mabior,12
Jonglei State,Twic East,Nyuak,Baping,12
Jonglei State,Twic East,Nyuak,Baping,12
Jonglei State,Twic East,Nyuak,Lualajokbil,12
Jonglei State,Twic East,Nyuak,Pongborong,12
Jonglei State,Twic East,Nyuak,Wangulei,12
Jonglei State,Twic East,Nyuak,Wangulei,12
Jonglei State,Twic East,Pakeer,Maar,12
Jonglei State,Twic East,Pakeer,Nyany,12
Jonglei State,Twic East,Pakeer,Nyany,12
Unity  State,Guit,Guit,Hai Kir,13
Unity  State,Guit,Kedad,Wicruop,13
Unity  State,Guit,Kuach,Kad,13
Unity  State,Guit,Kuach,Kuach,13
Unity  State,Guit,Kuach,Nying,13
Unity  State,Guit,Kuerguini,Kuerguini,13
Unity  State,Guit,Kuerguini,Kuerguini,13
Unity  State,Guit,Kuerguini,Kuerguini,13
Unity  State,Guit,Kuerguini,Thoan,13
Unity  State,Guit,Niemni,Kuanyrow,13
Unity  State,Guit,Niemni,Kuergeng,13
Unity  State,Guit,Nyathoar,Dengbow,13
Unity  State,Koch,Boaw,Bith,13
Unity  State,Koch,Boaw,Boaw,13
Unity  State,Koch,Boaw,Loang,13
Unity  State,Koch,Gany,Gany,13
Unity  State,Koch,Jaak,Rier,13
Unity  State,Koch,Jaak,Rier,13
Unity  State,Koch,Ngony,Mirmir,13
Unity  State,Koch,Ngony,Nyony,13
Unity  State,Koch,Norbor,Norbor,13
Unity  State,Koch,Pakur,Buoth,13
Unity  State,Koch,Pakur,Pakur,13
Unity  State,Mayom,Bieh,Bieh,13
Unity  State,Mayom,Kuerbone,Bouth,13
Unity  State,Mayom,Kuerbone,Mayom,13
Unity  State,Mayom,Kueryiek,Kueryiek,13
Unity  State,Mayom,Mankien,Mankien,13
Unity  State,Mayom,Mankien,Wanam,13
Unity  State,Mayom,Ngop,Juom,13
Unity  State,Mayom,Pup,Mathiang,13
Unity  State,Mayom,Riak,Riak,13
Unity  State,Mayom,Ruathnyibuol,Ruadhnyibol,13
Unity  State,Mayom,Wanbuor,Turkey/Urach,13
Unity  State,Mayom,Wangkei,Wangkei,13
Unity  State,Rubkona,Bentiu PoC,Bentiu PoC,13
Unity  State,Rubkona,Bentiu PoC,Bentiu PoC,13
Unity  State,Rubkona,Bentiu PoC,Bentiu PoC,13
Unity  State,Rubkona,Bentiu PoC,Bentiu PoC,13
Unity  State,Rubkona,Bentiu PoC,Bentiu PoC,13
Unity  State,Rubkona,Bentiu PoC,Bentiu PoC,13
Unity  State,Rubkona,Bentiu Town,Bimruok,13
Unity  State,Rubkona,Bentiu Town,Bimruok,13
Unity  State,Rubkona,Budaang,Chotchara,13
Unity  State,Rubkona,Kaljak,Bielchier,13
Unity  State,Rubkona,Kaljak,Kaljaak,13
Unity  State,Rubkona,Nhialdiu,Chanlual,13
Unity  State,Rubkona,Nhialdiu,Nhialdiu,13
Unity  State,Rubkona,Nhialdiu,Tochluak,13
Unity  State,Rubkona,Rubkona,Yoanyang,13
Unity  State,Rubkona,Rubkotne,Pakur,13
Unity  State,Rubkona,Rubkotne,Yoanyang,13
Unity  State,Rubkona,Rubkotne,Yoanyang,13
Unity  State,Abiemnon,Abiemnhom,Awarepiny,13
Unity  State,Abiemnon,Abiemnhom,Bangbang,13
Unity  State,Abiemnon,Abiemnhom,Magok,13
Unity  State,Abiemnon,Abiemnhom,Manajoga,13
Unity  State,Abiemnon,Abiemnhom,Pathiew,13
Unity  State,Abiemnon,Abiemnhom,Pathiew,13
Unity  State,Abiemnon,Abiemnhom,Wungok,13
Unity  State,Abiemnon,Aworpiny,Awar Piny,13
Unity  State,Pariang,Aliiny,Manajoga,13
Unity  State,Pariang,Aliiny,Marapien,13
Unity  State,Pariang,Biu,Akot,13
Unity  State,Pariang,Biu,Ming,13
Unity  State,Pariang,Jamjang,Alual,13
Unity  State,Pariang,Jamjang,Gumriak,13
Unity  State,Pariang,Jamjang,Gumriak,13
Unity  State,Pariang,Jamjang,Jamjang,13
Unity  State,Pariang,Jamjang,Jamjang,13
Unity  State,Pariang,Jamjang,Pamiir,13
Unity  State,Pariang,Nyiel,Akotweng,13
Unity  State,Pariang,Nyiel,Kong,13
Unity  State,Pariang,Nyiel,Toor/N yokrial,13
Unity  State,Pariang,Pariang,Jaw,13
Unity  State,Pariang,Pariang,Managuer,13
Unity  State,Pariang,Pariang,Nile Ganga,13
Unity  State,Pariang,Pariang,Wunlit,13
Unity  State,Pariang,Werthen,Yida,13
Unity  State,Pariang,Werthen,Yida,13
Unity  State,Pariang,Werthen,Yida,13
Unity  State,Pariang,Wunkur,Wunkur,13
Unity  State,Pariang,Yida,Panthur,13
Unity  State,Pariang,Yida,Yida centre B,13
Unity  State,Leer,Adok,Norkong,13
Unity  State,Leer,Bou,Bou,13
Unity  State,Leer,Dok,Nyadiar,13
Unity  State,Leer,Guat,Guat,13
Unity  State,Leer,Padeah,Padeah,13
Unity  State,Leer,Pilieny,Pilieny,13
Unity  State,Leer,Yang,Thonyor,13
Unity  State,Mayendit,Buor,Puulual,13
Unity  State,Mayendit,Buor,Puulual,13
Unity  State,Mayendit,Buor,Puulual,13
Unity  State,Mayendit,Dablual,Daplual,13
Unity  State,Mayendit,Dablual,Daplual,13
Unity  State,Mayendit,Dablual,Reri,13
Unity  State,Mayendit,Luom,Leah,13
Unity  State,Mayendit,Luom,Leah,13
Unity  State,Mayendit,Maal,Dhor-their,13
Unity  State,Mayendit,Maal,Maal,13
Unity  State,Mayendit,Maal,Maal,13
Unity  State,Mayendit,Pabuong,Bathjob,13
Unity  State,Mayendit,Rubkuay,Rubkuay,13
Unity  State,Mayendit,Rubkuay,Rubnor,13
Unity  State,Mayendit,Thaker,Thaker,13
Unity  State,Mayendit,Thaker,Thaker,13
Unity  State,Mayendit,Tharjiath,Lang,13
Unity  State,Mayendit,Tutnyang,Tutnyang,13
Unity  State,Mayendit,Tutnyang,Tutnyang,13
Unity  State,Panyijiar,Ganyliel,Dekom,13
Unity  State,Panyijiar,Ganyliel,Ganyliel,13
Unity  State,Panyijiar,Kol,Jiliew,13
Unity  State,Panyijiar,Kol,Machar,13
Unity  State,Panyijiar,Kol,Pathiel,13
Unity  State,Panyijiar,Kol,Pathiel,13
Unity  State,Panyijiar,Mayom,Barjangni,13
Unity  State,Panyijiar,Mayom,Kanynhial,13
Unity  State,Panyijiar,Mayom,Maluak,13
Unity  State,Panyijiar,Mayom,Mayom,13
Unity  State,Panyijiar,Nyal,Nyadong,13
Unity  State,Panyijiar,Nyal,Nyal,13
Unity  State,Panyijiar,Nyal,Nyal,13
Unity  State,Panyijiar,Nyal,Nyal,13
Unity  State,Panyijiar,Nyal,Nyal,13
Unity  State,Panyijiar,Nyal,Palual,13
Unity  State,Panyijiar,Nyal,Palual,13
Unity  State,Panyijiar,Pachaar,Pachaar,13
Unity  State,Panyijiar,Pachaar,Pariel,13
Unity  State,Panyijiar,Pachak,Moorgok,13
Unity  State,Panyijiar,Pachak,Pachak,13
Unity  State,Panyijiar,Pachienjok,Pachienjok,13
Unity  State,Panyijiar,Pachienjok,Pakham,13
Unity  State,Panyijiar,Pachienjok,Pakham,13
Unity  State,Panyijiar,Panyijiar,Panyijiar,13
Unity  State,Panyijiar,Panyijiar,Panyijiar,13
Unity  State,Panyijiar,Thoarnhoum,Jiech,13
Unity  State,Panyijiar,Thoarnhoum,Jiech,13
Unity  State,Panyijiar,Thoarnhoum,Thoarnhoum,13
Unity  State,Panyijiar,Tiap,Liedit,13
Unity  State,Panyijiar,Tiap,Liedit,13
Unity  State,Panyijiar,Tiap,Tiap,13
Warrap  State,Abyei,Abyei,Abyei Jong Yom,21
Warrap  State,Abyei,Abyei,Abyei-thony,21
Warrap  State,Abyei,Abyei,Amenth bek,21
Warrap  State,Abyei,Alal,Awalnhom,21
Warrap  State,Abyei,Alal,Awalnhom,21
Warrap  State,Abyei,Alal,Awalnhom,21
Warrap  State,Abyei,Alal,Awalnhom,21
Warrap  State,Abyei,Alal,Maker,21
Warrap  State,Abyei,Alal,Maker,21
Warrap  State,Abyei,Alal,Maker,21
Warrap  State,Abyei,Alal,Noong,21
Warrap  State,Abyei,Alal,Noong,21
Warrap  State,Abyei,Amenth agouk,Dongop,21
Warrap  State,Abyei,Amenth agouk,Todaj,21
Warrap  State,Abyei,Amenth agouk,Todaj,21
Warrap  State,Abyei,Mijak,Tajalei,21
Warrap  State,Abyei,Mijak,Tajalei,21
Warrap  State,Abyei,Mijak,Tajalei,21
Warrap  State,Abyei,Rumamer,Mabok,21
Warrap  State,Abyei,Rumamer,Mabok,21
Warrap  State,Abyei,Rumamer,Mabok,21
Warrap  State,Abyei,Rumamer,Mabok,21
Warrap  State,Abyei,Rumamer,Mabok,21
Warrap  State,Abyei,Rumamer,Mabok,21
Warrap  State,Abyei,Rumamer,Mabok,21
Warrap  State,Abyei,Rumamer,Mabok,21
Warrap  State,Abyei,Rumamer,Marial,21
Warrap  State,Abyei,Rumamer,Marial,21
Warrap  State,Gogrial East,Nyang,Mayenjur,21
Warrap  State,Gogrial East,Pathuon East,Mayombiong,21
Warrap  State,Gogrial East,Pathuon East,Mayombiong,21
Warrap  State,Gogrial East,Pathuon East,Yiik adoor,21
Warrap  State,Gogrial East,Pathuon West,Luonyaker,21
Warrap  State,Gogrial East,Pathuon West,Majok,21
Warrap  State,Gogrial East,Toch East,Thuramon,21
Warrap  State,Gogrial East,Toch East,Thuramon,21
Warrap  State,Gogrial East,Toch East,Thuramon,21
Warrap  State,Gogrial East,Toch North,Mayomchol,21
Warrap  State,Gogrial East,Toch North,Mayomchol,21
Warrap  State,Gogrial East,Toch North,Mayomchol,21
Warrap  State,Gogrial East,Toch North,Mayomchol,21
Warrap  State,Gogrial East,Toch West,Malual Awien,21
Warrap  State,Gogrial East,Toch West,Malual Awien,21
Warrap  State,Gogrial West,Akon North,Mabil,21
Warrap  State,Gogrial West,Akon South,Ayien,21
Warrap  State,Gogrial West,Akon South,Rup,21
Warrap  State,Gogrial West,Akon South,Rup,21
Warrap  State,Gogrial West,Alek North,Malekngok,21
Warrap  State,Gogrial West,Alek South,Alek,21
Warrap  State,Gogrial West,Alek South,Atukuel,21
Warrap  State,Gogrial West,Alek West,Alueth,21
Warrap  State,Gogrial West,Alek West,Alueth,21
Warrap  State,Gogrial West,Gogrial,Gogrial,21
Warrap  State,Gogrial West,Gogrial,Maluilajak,21
Warrap  State,Gogrial West,Gogrial,Mandeng,21
Warrap  State,Gogrial West,Kuac North,Anguoi,21
Warrap  State,Gogrial West,Kuac North,Anguoi,21
Warrap  State,Gogrial West,Kuac North,Kuacjok,21
Warrap  State,Gogrial West,Kuac North,Kuacjok,21
Warrap  State,Gogrial West,Kuac North,Kuacjok,21
Warrap  State,Gogrial West,Kuac North,Kuacjok,21
Warrap  State,Gogrial West,Kuac North,Kuacjok,21
Warrap  State,Gogrial West,Kuac North,Kuacjok,21
Warrap  State,Gogrial West,Kuac North,Majok,21
Warrap  State,Gogrial West,Kuac South,Wunkuelthii,21
Warrap  State,Gogrial West,Riau,Anguoth,21
Warrap  State,Gogrial West,Riau,Anguoth,21
Warrap  State,Gogrial West,Riau,Panliet,21
Warrap  State,Gogrial West,Wau Bai,Tharkueng,21
Warrap  State,Tonj East,Ananatak,Ananatak,21
Warrap  State,Tonj East,Ananatak,Ngapanet,21
Warrap  State,Tonj East,Makuac,Makuach,21
Warrap  State,Tonj East,Makuac,Wuncuei,21
Warrap  State,Tonj East,Makuac,Wuncuei,21
Warrap  State,Tonj East,Malualcum,Kacuat,21
Warrap  State,Tonj East,Mayen,Mayen,21
Warrap  State,Tonj East,Palal,Akier,21
Warrap  State,Tonj East,Palal,Wunkot,21
Warrap  State,Tonj East,Paliang,Abior,21
Warrap  State,Tonj East,Paliang,Rumabuth,21
Warrap  State,Tonj East,Paliang,Rumabuth,21
Warrap  State,Tonj East,Pannhial,Kuelcuk,21
Warrap  State,Tonj East,Paweng,Juolgok,21
Warrap  State,Tonj East,Wun-liit,War-lang,21
Warrap  State,Tonj North,Akop,Acholok,21
Warrap  State,Tonj North,Akop,Athiengpuol,21
Warrap  State,Tonj North,Alabek,Adinydou,21
Warrap  State,Tonj North,Alabek,Langkap,21
Warrap  State,Tonj North,Aliek,Patei,21
Warrap  State,Tonj North,Aliek,Rorkou,21
Warrap  State,Tonj North,Awuul,Awuul,21
Warrap  State,Tonj North,Awuul,Pagakdit,21
Warrap  State,Tonj North,Awuul,Pagakdit,21
Warrap  State,Tonj North,Awuul,Pagakdit,21
Warrap  State,Tonj North,Kirik,Achiir,21
Warrap  State,Tonj North,Kirik,Madhiath,21
Warrap  State,Tonj North,Kirik,Manyiel,21
Warrap  State,Tonj North,Manloor,Pankot,21
Warrap  State,Tonj North,Manloor,Pankot,21
Warrap  State,Tonj North,Manloor,Pankot,21
Warrap  State,Tonj North,Manloor,Pankot,21
Warrap  State,Tonj North,Manloor,Pharek-sika,21
Warrap  State,Tonj North,Marial Lou,Adau,21
Warrap  State,Tonj North,Marial-lou,Puolbar,21
Warrap  State,Tonj North,Marial-lou,Puolbar,21
Warrap  State,Tonj North,Pagol,Lurchuk,21
Warrap  State,Tonj North,Pagol,Mayenloc,21
Warrap  State,Tonj North,Rual-bet,Achol,21
Warrap  State,Tonj North,Warrap,Warrap,21
Warrap  State,Tonj South,Jak,Majok,21
Warrap  State,Tonj South,Manyang-ngok,Cuei-cok,21
Warrap  State,Tonj South,Manyang-ngok,Cuei-cok,21
Warrap  State,Tonj South,Thiet,Thiet,21
Warrap  State,Tonj South,Thiet,Yiith-kuel,21
Warrap  State,Tonj South,Tonj,Aguka,21
Warrap  State,Tonj South,Tonj,Malual-muok,21
Warrap  State,Tonj South,Tonj,Tonj,21
Warrap  State,Tonj South,Tonj,Tonj,21
Warrap  State,Tonj South,Tonj,Tonj,21
Warrap  State,Tonj South,Tonj,Tonj,21
Warrap  State,Tonj South,Wath-alel,Mabior-yar,21
Warrap  State,Tonj South,Wath-alel,Pawel,21
Warrap  State,Tonj South,Wath-alel,Wanth Alel  2,21
Warrap  State,Twic,Ajak-kuac,Abyei,21
Warrap  State,Twic,Ajak-kuac,Molbang,21
Warrap  State,Twic,Akoc,Tiit,21
Warrap  State,Twic,Akoc,Tiit,21
Warrap  State,Twic,Akoc,Yiikthon,21
Warrap  State,Twic,Akoc,Yiikthon,21
Warrap  State,Twic,Aweeng,Bulyom,21
Warrap  State,Twic,Aweeng,Bulyom,21
Warrap  State,Twic,Aweeng,Majoknoon,21
Warrap  State,Twic,Aweeng,Maper,21
Warrap  State,Twic,Aweeng,Maper,21
Warrap  State,Twic,Pannyok,Akak,21
Warrap  State,Twic,Pannyok,Majakpagai,21
Warrap  State,Twic,Pannyok,Tuele,21
Warrap  State,Twic,Pannyok,Tuele,21
Warrap  State,Twic,Turalei,Anyiel-kuac,21
Warrap  State,Twic,Turalei,Ayien,21
Warrap  State,Twic,Turalei,Mangok,21
Warrap  State,Twic,Turalei,Nyielabiel,21
Warrap  State,Twic,Turalei,Nyielabiel,21
Warrap  State,Twic,Wunrok,Ajoong,21
Warrap  State,Twic,Wunrok,Awilgik,21
Warrap  State,Twic,Wunrok,Kurum,21
Warrap  State,Twic,Wunrok,Tiitcok,21
Warrap  State,Twic,Wunrok,Tiitcok,21
Northern Bahr el Ghazal  State,Aweil Centre,Abul,Abul,22
Northern Bahr el Ghazal  State,Aweil Centre,Abul,Awada,22
Northern Bahr el Ghazal  State,Aweil Centre,Achana,Lulic,22
Northern Bahr el Ghazal  State,Aweil Centre,Achana,Umar,22
Northern Bahr el Ghazal  State,Aweil Centre,Aroyo,Aroyo,22
Northern Bahr el Ghazal  State,Aweil Centre,Awada,Awada,22
Northern Bahr el Ghazal  State,Aweil Centre,Aweil Town,Aweil Town,22
Northern Bahr el Ghazal  State,Aweil Centre,Awulic,Awulic,22
Northern Bahr el Ghazal  State,Aweil Centre,Awulic,Kuom,22
Northern Bahr el Ghazal  State,Aweil Centre,Bar Mayen,Alok,22
Northern Bahr el Ghazal  State,Aweil Centre,Bar Mayen,Baau,22
Northern Bahr el Ghazal  State,Aweil Centre,Bar Mayen,Maundit,22
Northern Bahr el Ghazal  State,Aweil Centre,Chel South,Cham Angui,22
Northern Bahr el Ghazal  State,Aweil Centre,Chel South,Luang aher,22
Northern Bahr el Ghazal  State,Aweil Centre,Chel South,Makuac Amudho,22
Northern Bahr el Ghazal  State,Aweil Centre,Chel South,Makuac Amudho,22
Northern Bahr el Ghazal  State,Aweil Centre,Nyalath,Nyalath,22
Northern Bahr el Ghazal  State,Aweil Centre,Nyalath,Udaba,22
Northern Bahr el Ghazal  State,Aweil North,Ariath,Kajik,22
Northern Bahr el Ghazal  State,Aweil North,Ariath,Lueth Ngor,22
Northern Bahr el Ghazal  State,Aweil North,Ariath,Lueth Ngor,22
Northern Bahr el Ghazal  State,Aweil North,Ariath,Ngop Akot,22
Northern Bahr el Ghazal  State,Aweil North,Malual Centre,Mareng Akok,22
Northern Bahr el Ghazal  State,Aweil North,Malual Centre,Mareng Akok,22
Northern Bahr el Ghazal  State,Aweil North,Malual Centre,Mareng Akok,22
Northern Bahr el Ghazal  State,Aweil North,Malual Centre,Marol Deng Geng,22
Northern Bahr el Ghazal  State,Aweil North,Malual Centre,Pamat,22
Northern Bahr el Ghazal  State,Aweil North,Malual Centre,Pamat,22
Northern Bahr el Ghazal  State,Aweil North,Malual East,Abyei Chok I,22
Northern Bahr el Ghazal  State,Aweil North,Malual East,Jaach,22
Northern Bahr el Ghazal  State,Aweil North,Malual East,Mabior Anguei,22
Northern Bahr el Ghazal  State,Aweil North,Malual East,Mayen Ulem,22
Northern Bahr el Ghazal  State,Aweil North,Malual East,War Geng,22
Northern Bahr el Ghazal  State,Aweil North,Malual East,War Geng,22
Northern Bahr el Ghazal  State,Aweil North,Malual East,War Pach,22
Northern Bahr el Ghazal  State,Aweil North,Malual North,Gok Machar,22
Northern Bahr el Ghazal  State,Aweil North,Malual North,Gor Ayen,22
Northern Bahr el Ghazal  State,Aweil North,Malual North,Malual loc,22
Northern Bahr el Ghazal  State,Aweil North,Malual North,Mayom Adhal,22
Northern Bahr el Ghazal  State,Aweil North,Malual North,Peth Atak,22
Northern Bahr el Ghazal  State,Aweil North,Malual West,Mabior Nyang,22
Northern Bahr el Ghazal  State,Aweil North,Malual West,Majak Bai,22
Northern Bahr el Ghazal  State,Aweil North,Malual West,Majak Bai,22
Northern Bahr el Ghazal  State,Aweil North,Malual West,Majak Bai,22
Northern Bahr el Ghazal  State,Aweil North,Malual West,Makuei,22
Northern Bahr el Ghazal  State,Aweil North,Malual West,Makuei,22
Northern Bahr el Ghazal  State,Aweil North,Malual West,Makuei,22
Northern Bahr el Ghazal  State,Aweil South,Ayai,Ayai,22
Northern Bahr el Ghazal  State,Aweil South,Gakrol,Akac,22
Northern Bahr el Ghazal  State,Aweil South,Gakrol,Jerajiep,22
Northern Bahr el Ghazal  State,Aweil South,Nyieth,Pankuach,22
Northern Bahr el Ghazal  State,Aweil South,Nyocawany I,Mayom Lach,22
Northern Bahr el Ghazal  State,Aweil South,Nyocawany I,Mayom Lach,22
Northern Bahr el Ghazal  State,Aweil South,Panthou,Mading Chan,22
Northern Bahr el Ghazal  State,Aweil South,Tar-Weng,Makuei Ngok,22
Northern Bahr el Ghazal  State,Aweil South,Tiar-aleit,Tiar-aleit,22
Northern Bahr el Ghazal  State,Aweil South,Wathmuok,Makuac Amiir,22
Northern Bahr el Ghazal  State,Aweil South,Wathmuok,Panadhot,22
Northern Bahr el Ghazal  State,Aweil West,Mariem East,Ajuet Alel,22
Northern Bahr el Ghazal  State,Aweil West,Mariem East,Ajuet Alel,22
Northern Bahr el Ghazal  State,Aweil West,Mariem East,Ajuet Toich,22
Northern Bahr el Ghazal  State,Aweil West,Mariem East,Ajuet Toich,22
Northern Bahr el Ghazal  State,Aweil West,Mariem West,Chimel Dit,22
Northern Bahr el Ghazal  State,Aweil West,Mariem West,Chimel Dit,22
Northern Bahr el Ghazal  State,Aweil West,Mariem West,Chimel Makem,22
Northern Bahr el Ghazal  State,Aweil West,Mariem West,Chimel Makem,22
Northern Bahr el Ghazal  State,Aweil East,Akon North,Ameth,22
Northern Bahr el Ghazal  State,Aweil East,Akon South,Ayien,22
Northern Bahr el Ghazal  State,Aweil East,Baach,Angoot,22
Northern Bahr el Ghazal  State,Aweil East,Baach,Angoot,22
Northern Bahr el Ghazal  State,Aweil East,Baach,Cuom-ator,22
Northern Bahr el Ghazal  State,Aweil East,Baach,Makermawein,22
Northern Bahr el Ghazal  State,Aweil East,Baach,Malou,22
Northern Bahr el Ghazal  State,Aweil East,Baach,Malualkon,22
Northern Bahr el Ghazal  State,Aweil East,Baach,Malualkon,22
Northern Bahr el Ghazal  State,Aweil East,Baach,Mayanadhot,22
Northern Bahr el Ghazal  State,Aweil East,Baach,Rulnyin,22
Northern Bahr el Ghazal  State,Aweil East,Baach,Rum Aker,22
Northern Bahr el Ghazal  State,Aweil East,Baach,Rum Aker,22
Northern Bahr el Ghazal  State,Aweil East,Baach,Uyon,22
Northern Bahr el Ghazal  State,Aweil East,Baach,Uyon,22
Northern Bahr el Ghazal  State,Aweil East,Baach,War bai,22
Northern Bahr el Ghazal  State,Aweil East,Madhol,Ajiep,22
Northern Bahr el Ghazal  State,Aweil East,Madhol,Amarjal,22
Northern Bahr el Ghazal  State,Aweil East,Madhol,Amoth Akok,22
Northern Bahr el Ghazal  State,Aweil East,Madhol,Mabok Tong,22
Northern Bahr el Ghazal  State,Aweil East,Madhol,Mabok Tong,22
Northern Bahr el Ghazal  State,Aweil East,Madhol,Rumrol,22
Northern Bahr el Ghazal  State,Aweil East,Malual Bai,Adoor,22
Northern Bahr el Ghazal  State,Aweil East,Malual Bai,Adoor,22
Northern Bahr el Ghazal  State,Aweil East,Malual Bai,Adoor,22
Northern Bahr el Ghazal  State,Aweil East,Malual Bai,Lieth,22
Northern Bahr el Ghazal  State,Aweil East,Malual Bai,Marol-lach,22
Northern Bahr el Ghazal  State,Aweil East,Malual West,Makuei,22
Northern Bahr el Ghazal  State,Aweil East,Mangar Tong,Maroldit,22
Northern Bahr el Ghazal  State,Aweil East,Mangar Tong,Raildit,22
Northern Bahr el Ghazal  State,Aweil East,Mangar-tong I,Kan-ajak,22
Northern Bahr el Ghazal  State,Aweil East,Mangar-tong I,Mangar-tong,22
Northern Bahr el Ghazal  State,Aweil East,Mangar-tong I,Rialdit II,22
Northern Bahr el Ghazal  State,Aweil East,Mangar-tong II,Tit-chok mareeng,22
Northern Bahr el Ghazal  State,Aweil East,Mangok,Maker,22
Northern Bahr el Ghazal  State,Aweil East,Mangok,Mangok,22
Northern Bahr el Ghazal  State,Aweil East,Mangok,Mangok,22
Northern Bahr el Ghazal  State,Aweil East,Mangok,Maroldit,22
Northern Bahr el Ghazal  State,Aweil East,Wunlang,Malual-Kuel,22
Northern Bahr el Ghazal  State,Aweil East,Wunlang,Manyiel,22
Northern Bahr el Ghazal  State,Aweil East,Wunlang,Rum-Athoi,22
Northern Bahr el Ghazal  State,Aweil East,Yargot,Garam,22
Northern Bahr el Ghazal  State,Aweil East,Yargot,Majok Buol,22
Northern Bahr el Ghazal  State,Aweil East,Yargot,Makuac Akuel,22
Western Bahr Bahr el Ghazal State,Raga,Ere,Balbala,23
Western Bahr Bahr el Ghazal State,Raga,Raga,Gossinga,23
Western Bahr Bahr el Ghazal State,Raga,Raga,Mbambara,23
Western Bahr Bahr el Ghazal State,Raga,Raga,Raga North,23
Western Bahr Bahr el Ghazal State,Raga,Raga,Raga North,23
Western Bahr Bahr el Ghazal State,Raga,Raga,Raga North,23
Western Bahr Bahr el Ghazal State,Raga,Raga,Raga North,23
Western Bahr Bahr el Ghazal State,Raga,Ringi,Boro Medina,23
Western Bahr Bahr el Ghazal State,Raga,Ringi,Diem Jallab,23
Western Bahr Bahr el Ghazal State,Raga,Ringi,Katta,23
Western Bahr Bahr el Ghazal State,Raga,Ringi,Menamba,23
Western Bahr Bahr el Ghazal State,Raga,Uyujuku,Kuru,23
Western Bahr Bahr el Ghazal State,Raga,Uyujuku,Sopo,23
Western Bahr Bahr el Ghazal State,Raga,Uyujuku,Sopo,23
Western Bahr Bahr el Ghazal State,Raga,Uyujuku,Sopo,23
Western Bahr Bahr el Ghazal State,Raga,Uyujuku,Uyujuku,23
Western Bahr Bahr el Ghazal State,Raga,Uyujuku,Uyujuku,23
Western Bahr Bahr el Ghazal State,Raga,Uyujuku,Yabulu,23
Western Bahr Bahr el Ghazal State,Jur River,Kuajiena,Dang Acak,23
Western Bahr Bahr el Ghazal State,Jur River,Kuajiena,Kuajiena,23
Western Bahr Bahr el Ghazal State,Jur River,Kuajiena,Mbili,23
Western Bahr Bahr el Ghazal State,Jur River,Kuajiena,Mbili,23
Western Bahr Bahr el Ghazal State,Jur River,Marial Bai,Alek Chok,23
Western Bahr Bahr el Ghazal State,Jur River,Marial Bai,Alel Chok,23
Western Bahr Bahr el Ghazal State,Jur River,Marial Bai,Kuom,23
Western Bahr Bahr el Ghazal State,Jur River,Marial Bai,Marial Bai,23
Western Bahr Bahr el Ghazal State,Jur River,Marial Bai,Marial Bai,23
Western Bahr Bahr el Ghazal State,Jur River,Marial Bai,Marial Bai,23
Western Bahr Bahr el Ghazal State,Jur River,Marial Bai,Marial Bai,23
Western Bahr Bahr el Ghazal State,Jur River,Marial Bai,Marial Bai,23
Western Bahr Bahr el Ghazal State,Jur River,Marial Bai,Rakbak,23
Western Bahr Bahr el Ghazal State,Jur River,Rocrocdong,Achot,23
Western Bahr Bahr el Ghazal State,Jur River,Rocrocdong,Achot,23
Western Bahr Bahr el Ghazal State,Jur River,Rocrocdong,Rocrocdong,23
Western Bahr Bahr el Ghazal State,Jur River,Rocrocdong,Rocrocdong,23
Western Bahr Bahr el Ghazal State,Jur River,Rocrocdong,Wathalelo,23
Western Bahr Bahr el Ghazal State,Jur River,Udici,Atido,23
Western Bahr Bahr el Ghazal State,Jur River,Udici,Gette,23
Western Bahr Bahr el Ghazal State,Jur River,Udici,Gette,23
Western Bahr Bahr el Ghazal State,Jur River,Udici,Kayango,23
Western Bahr Bahr el Ghazal State,Jur River,Udici,Kayango,23
Western Bahr Bahr el Ghazal State,Jur River,Udici,Udici,23
Western Bahr Bahr el Ghazal State,Jur River,Udici,Udici,23
Western Bahr Bahr el Ghazal State,Jur River,Udici,Udici,23
Western Bahr Bahr el Ghazal State,Jur River,Wau Bai,Mabior Abiem,23
Western Bahr Bahr el Ghazal State,Jur River,Wau Bai,Makuac,23
Western Bahr Bahr el Ghazal State,Jur River,Wau Bai,Nyinakok,23
Western Bahr Bahr el Ghazal State,Jur River,Wau Bai,Nyinakok,23
Western Bahr Bahr el Ghazal State,Jur River,Wau Bai,Tarkeun,23
Western Bahr Bahr el Ghazal State,Jur River,Wau Bai,Tarkuen,23
Western Bahr Bahr el Ghazal State,Wau,Bagari,Bagari,23
Western Bahr Bahr el Ghazal State,Wau,Bagari,Bagari,23
Western Bahr Bahr el Ghazal State,Wau,Bagari,Bringi,23
Western Bahr Bahr el Ghazal State,Wau,Bagari,Bussere,23
Western Bahr Bahr el Ghazal State,Wau,Bagari,Bussere,23
Western Bahr Bahr el Ghazal State,Wau,Bagari,Momoi,23
Western Bahr Bahr el Ghazal State,Wau,Bagari,Momoi,23
Western Bahr Bahr el Ghazal State,Wau,Bagari,Ngisa,23
Western Bahr Bahr el Ghazal State,Wau,Bagari,Ngisa,23
Western Bahr Bahr el Ghazal State,Wau,Bagari,Ngisa,23
Western Bahr Bahr el Ghazal State,Wau,Bagari,Ngodakala,23
Western Bahr Bahr el Ghazal State,Wau,Bagari,Ngodakala,23
Western Bahr Bahr el Ghazal State,Wau,Bagari,Ngodakala,23
Western Bahr Bahr el Ghazal State,Wau,Besselia,Abu-shaka,23
Western Bahr Bahr el Ghazal State,Wau,Besselia,Besselia,23
Western Bahr Bahr el Ghazal State,Wau,Besselia,Kaabi,23
Western Bahr Bahr el Ghazal State,Wau,Besselia,Khor Gana,23
Western Bahr Bahr el Ghazal State,Wau,Besselia,Mboro,23
Western Bahr Bahr el Ghazal State,Wau,Besselia,Mboro,23
Western Bahr Bahr el Ghazal State,Wau,Besselia,Mboro,23
Western Bahr Bahr el Ghazal State,Wau,Besselia,Mboro,23
Western Bahr Bahr el Ghazal State,Wau,Besselia,Ngolimbo,23
Western Bahr Bahr el Ghazal State,Wau,Besselia,Ngolimbo,23
Western Bahr Bahr el Ghazal State,Wau,Kpaile,Gittan,23
Western Bahr Bahr el Ghazal State,Wau,Kpaile,Gittan,23
Western Bahr Bahr el Ghazal State,Wau,Kpaile,Kpaile,23
Western Bahr Bahr el Ghazal State,Wau,Kpaile,Kpaile,23
Western Bahr Bahr el Ghazal State,Wau,Kpaile,Rafili,23
Western Bahr Bahr el Ghazal State,Wau,Kpaile,Taban,23
Western Bahr Bahr el Ghazal State,Wau,Wau North,Darajat West,23
Western Bahr Bahr el Ghazal State,Wau,Wau North,Darajat West,23
Western Bahr Bahr el Ghazal State,Wau,Wau North,Hai Bafra,23
Western Bahr Bahr el Ghazal State,Wau,Wau North,Hai Dinka,23
Western Bahr Bahr el Ghazal State,Wau,Wau North,Hai Dinka,23
Western Bahr Bahr el Ghazal State,Wau,Wau North,Hai Fahal/Zande,23
Western Bahr Bahr el Ghazal State,Wau,Wau North,Ismailiya,23
Western Bahr Bahr el Ghazal State,Wau,Wau North,Lokloko,23
Western Bahr Bahr el Ghazal State,Wau,Wau South,Agok,23
Western Bahr Bahr el Ghazal State,Wau,Wau South,Agok,23
Western Bahr Bahr el Ghazal State,Wau,Wau South,Bazia Jedid,23
Western Bahr Bahr el Ghazal State,Wau,Wau South,Hai Krash A,23
Western Bahr Bahr el Ghazal State,Wau,Wau South,Jebel Kheir,23
Western Bahr Bahr el Ghazal State,Wau,Wau South,Jebel Kheir,23
Western Bahr Bahr el Ghazal State,Wau,Wau South,Jezira,23
Western Bahr Bahr el Ghazal State,Wau,Wau South,Kosti,23
Western Bahr Bahr el Ghazal State,Wau,Wau South,Masna,23
Western Bahr Bahr el Ghazal State,Wau,Wau South,Muwzifin,23
Western Bahr Bahr el Ghazal State,Wau,Wau South,Muwzifin,23
Western Bahr Bahr el Ghazal State,Wau,Wau South,Muwzifin,23
Western Bahr Bahr el Ghazal State,Wau,Wau South,Nazareth,23
Western Bahr Bahr el Ghazal State,Wau,Wau South,Nazareth,23
Western Bahr Bahr el Ghazal State,Wau,Wau South,Salaam,23
Lakes  State,Yirol East,Adior,Ayiem,24
Lakes  State,Yirol East,Adior,Shambe,24
Lakes  State,Yirol East,Lekakedu,Nyang,24
Lakes  State,Yirol East,Malek,Langmatot,24
Lakes  State,Yirol East,Malek,Malek,24
Lakes  State,Yirol East,Pagarau,Kap,24
Lakes  State,Yirol East,Pagarau,Pagarau,24
Lakes  State,Yirol West,Abang,Pakeu,24
Lakes  State,Yirol West,Abang,Pankar,24
Lakes  State,Yirol West,Abang,Wath-cabath,24
Lakes  State,Yirol West,Aluakluak,Agany,24
Lakes  State,Yirol West,Aluakluak,Aluakluak,24
Lakes  State,Yirol West,Anuol,Ateerbaai,24
Lakes  State,Yirol West,Anuol,Kathiar,24
Lakes  State,Yirol West,Geng-geng,Pabur,24
Lakes  State,Yirol West,Gher,Yibor,24
Lakes  State,Yirol West,Mapuordit,Agutraan,24
Lakes  State,Yirol West,Mapuordit,Mabui,24
Lakes  State,Cueibet,Duony,Agok,24
Lakes  State,Cueibet,Duony,Mayath,24
Lakes  State,Cueibet,Malou Pec,Ciminti,24
Lakes  State,Cueibet,Malou Pec,Ludo Cok,24
Lakes  State,Cueibet,Malou Pec,Makuei,24
Lakes  State,Cueibet,Malou Pec,Malou,24
Lakes  State,Cueibet,Ngap,Malou,24
Lakes  State,Cueibet,Pagor,Anaak,24
Lakes  State,Rumbek Centre,Amongpiny,Adol,24
Lakes  State,Rumbek Centre,Jiir,Abinajok,24
Lakes  State,Rumbek Centre,Jiir,Abinajok,24
Lakes  State,Rumbek Centre,Jiir,Akoljal,24
Lakes  State,Rumbek Centre,Malek,Abeer,24
Lakes  State,Rumbek Centre,Malek,Apeet,24
Lakes  State,Rumbek Centre,Matangai,Abeer,24
Lakes  State,Rumbek Centre,Matangai,Abeer,24
Lakes  State,Rumbek Centre,Matangai,Cholocok,24
Lakes  State,Rumbek Centre,Matangai,Cholocok,24
Lakes  State,Rumbek Centre,Matangai,Nyangkoot,24
Lakes  State,Rumbek Centre,Matangai,Nyangkoot,24
Lakes  State,Rumbek Centre,Mayom,Cueicok,24
Lakes  State,Rumbek Centre,Mayom,Cueicok,24
Lakes  State,Rumbek Centre,Rumbek Town,Abarkou,24
Lakes  State,Rumbek Centre,Rumbek Town,Abarkou,24
Lakes  State,Rumbek Centre,Rumbek Town,Abeer,24
Lakes  State,Rumbek Centre,Rumbek Town,Abeer,24
Lakes  State,Rumbek Centre,Rumbek Town,Adol,24
Lakes  State,Rumbek Centre,Rumbek Town,Cholocok,24
Lakes  State,Rumbek Centre,Rumbek Town,Nyangkoot,24
Lakes  State,Rumbek East,Aduel,Aduel,24
Lakes  State,Rumbek East,Aduel,Aduel,24
Lakes  State,Rumbek East,Aduel,Aduel,24
Lakes  State,Rumbek East,Aduel,Billing,24
Lakes  State,Rumbek East,Aduel,Thonic,24
Lakes  State,Rumbek East,Aduel,Thonic,24
Lakes  State,Rumbek East,Aduel,Thonic,24
Lakes  State,Rumbek East,Akot,Ameth Agok,24
Lakes  State,Rumbek East,Atiaba,Atiaba,24
Lakes  State,Rumbek East,Atiaba,Atiaba,24
Lakes  State,Rumbek East,Atiaba,Karic,24
Lakes  State,Rumbek East,Cueicok,Makembele,24
Lakes  State,Rumbek East,Cueicok,Makembele,24
Lakes  State,Rumbek East,Malenagok,Billing,24
Lakes  State,Rumbek East,Malenagok,Kuelkuac,24
Lakes  State,Rumbek East,Mathiang-kok,Majak,24
Lakes  State,Rumbek East,Mathiang-kok,Pacong,24
Lakes  State,Rumbek East,Mathiang-kok,Pacong,24
Lakes  State,Rumbek East,Pachong,Pacong,24
Lakes  State,Rumbek East,Pachong,Panawac,24
Lakes  State,Rumbek East,Paloch,Golkou,24
Lakes  State,Rumbek North,Aloor,Catom,24
Lakes  State,Rumbek North,Malueeth,Achiek,24
Lakes  State,Rumbek North,Malueeth,Kak,24
Lakes  State,Rumbek North,Maper,Maper Centre,24
Lakes  State,Rumbek North,Maper,Maper Centre,24
Lakes  State,Rumbek North,Mayen,Amok,24
Lakes  State,Rumbek North,Mayen,Mayen,24
Lakes  State,Rumbek North,Wun-rieng,Wun-rieng,24
Lakes  State,Wulu,Bargel,Bargel,24
Lakes  State,Wulu,Bargel,Bargel,24
Lakes  State,Wulu,Bargel,Gulmar,24
Lakes  State,Wulu,Bargel,Gulmar,24
Lakes  State,Wulu,Domoloto,Deteku,24
Lakes  State,Wulu,Domoloto,Deteku,24
Lakes  State,Wulu,Domoloto,Wakou,24
Lakes  State,Wulu,Makundi,Bidibadai,24
Lakes  State,Wulu,Wulu,Tonjo,24
Lakes  State,Wulu,Wulu,Wulu Gedim,24
Lakes  State,Wulu,Wulu,Wulu Gedim,24
Western Equatorial State,Mundri East,Kediba,Dosho,31
Western Equatorial State,Mundri East,Kediba,Kediba,31
Western Equatorial State,Mundri East,Kediba,Kediba,31
Western Equatorial State,Mundri East,Kediba,Kediba,31
Western Equatorial State,Mundri East,Kediba,Movo,31
Western Equatorial State,Mundri East,Kediba,Wandi,31
Western Equatorial State,Mundri East,Lakamadi,Kasiko,31
Western Equatorial State,Mundri East,Lakamadi,Lakamadi,31
Western Equatorial State,Mundri East,Lozoh,Bu-agyi,31
Western Equatorial State,Mundri East,Lozoh,Bu-agyi,31
Western Equatorial State,Mundri East,Lozoh,Lanyi,31
Western Equatorial State,Mundri East,Lozoh,Lanyi,31
Western Equatorial State,Mundri East,Lozoh,Lanyi,31
Western Equatorial State,Mundri East,Lozoh,Lozoh,31
Western Equatorial State,Mundri East,Lozoh,Lui,31
Western Equatorial State,Mundri East,Lozoh,Wiroh,31
Western Equatorial State,Mundri East,Minga,Iyge,31
Western Equatorial State,Mundri East,Minga,Minga,31
Western Equatorial State,Mundri East,Witto,Mariba,31
Western Equatorial State,Mundri East,Witto,Mariba,31
Western Equatorial State,Mundri East,Witto,Mideh,31
Western Equatorial State,Mundri West,Amadi,Bitti,31
Western Equatorial State,Mundri West,Amadi,Kulundu,31
Western Equatorial State,Mundri West,Amadi,Kulundu,31
Western Equatorial State,Mundri West,Bangolo,Bangolo,31
Western Equatorial State,Mundri West,Bangolo,Bangolo,31
Western Equatorial State,Mundri West,Bangolo,Diko,31
Western Equatorial State,Mundri West,Bangolo,Diko,31
Western Equatorial State,Mundri West,Bangolo,Ledingwa,31
Western Equatorial State,Mundri West,Bangolo,Ledingwa,31
Western Equatorial State,Mundri West,Bangolo,Ledingwa,31
Western Equatorial State,Mundri West,Kotobi,Bari,31
Western Equatorial State,Mundri West,Kotobi,Karika,31
Western Equatorial State,Mundri West,Kotobi,Karika,31
Western Equatorial State,Mundri West,Kotobi,Karika,31
Western Equatorial State,Mundri West,Kotobi,Kotobi,31
Western Equatorial State,Mundri West,Kotobi,Medewu,31
Western Equatorial State,Mundri West,Mundri,Gulu,31
Western Equatorial State,Mundri West,Mundri,Mbara,31
Western Equatorial State,Mundri West,Mundri,Mundri,31
Western Equatorial State,Mvolo,Bagori,Bagori,31
Western Equatorial State,Mvolo,Bagori,Kperikudu,31
Western Equatorial State,Mvolo,Bahr El Grindi,Bahr El Grindi Centre,31
Western Equatorial State,Mvolo,Bahr El Grindi,Leybolo,31
Western Equatorial State,Mvolo,Bahr El Grindi,Wowo,31
Western Equatorial State,Mvolo,Dari,Dari,31
Western Equatorial State,Mvolo,Kokori,Kombi,31
Western Equatorial State,Mvolo,Kokori,Kulu,31
Western Equatorial State,Mvolo,Lessi,Lessi,31
Western Equatorial State,Mvolo,Mvolo,Dimeri,31
Western Equatorial State,Mvolo,Mvolo,Minikolome,31
Western Equatorial State,Mvolo,Yeri,Mayewe,31
Western Equatorial State,Mvolo,Yeri,Yeri,31
Western Equatorial State,Ezo,Andari,Andari Centre,31
Western Equatorial State,Ezo,Andari,Bafuka,31
Western Equatorial State,Ezo,Andari,Bangangai,31
Western Equatorial State,Ezo,Andari,Baragu,31
Western Equatorial State,Ezo,Bagidi,Agiango,31
Western Equatorial State,Ezo,Bagidi,Agiango,31
Western Equatorial State,Ezo,Bagidi,Agiango,31
Western Equatorial State,Ezo,Bagidi,Bagidi Centre,31
Western Equatorial State,Ezo,Bagidi,Baikpa,31
Western Equatorial State,Ezo,Bagidi,Moso,31
Western Equatorial State,Ezo,Bariguna,Bambaraze,31
Western Equatorial State,Ezo,Bariguna,Banduguyo,31
Western Equatorial State,Ezo,Bariguna,Bariabande,31
Western Equatorial State,Ezo,Bariguna,Bariguna Cente,31
Western Equatorial State,Ezo,Ezo Centre,Degere,31
Western Equatorial State,Ezo,Ezo Centre,Ezo Centre,31
Western Equatorial State,Ezo,Ezo Centre,Ezo Centre,31
Western Equatorial State,Ezo,Ezo Centre,Ezo Centre,31
Western Equatorial State,Ezo,Ezo Centre,Ezo Centre,31
Western Equatorial State,Ezo,Ezo Centre,Ezo Centre,31
Western Equatorial State,Ezo,Ezo Centre,Madoro,31
Western Equatorial State,Ezo,Ezo Centre,Madoro,31
Western Equatorial State,Ezo,Ezo Centre,Mangbangua,31
Western Equatorial State,Ezo,Naandi,Diabio,31
Western Equatorial State,Ezo,Naandi,Marangu,31
Western Equatorial State,Ezo,Naandi,Naandi Centre,31
Western Equatorial State,Ezo,Naandi,Nyasi,31
Western Equatorial State,Ezo,Naandi,Nyasi,31
Western Equatorial State,Ezo,Yangiri,Mafuyo,31
Western Equatorial State,Ezo,Yangiri,Yangiri Centre,31
Western Equatorial State,Ezo,Yangiri,Yangura,31
Western Equatorial State,Nzara,Basukangbi,Mbamu,31
Western Equatorial State,Nzara,Basukangbi,Namama,31
Western Equatorial State,Nzara,Basukangbi,Ndoromo,31
Western Equatorial State,Nzara,Nzara Centre,Namaiku,31
Western Equatorial State,Nzara,Nzara Centre,Namaiku,31
Western Equatorial State,Nzara,Nzara Centre,Namaiku,31
Western Equatorial State,Nzara,Nzara Centre,Nzara Centre,31
Western Equatorial State,Nzara,Nzara Centre,Nzara Centre,31
Western Equatorial State,Nzara,Nzara Centre,Nzara Centre,31
Western Equatorial State,Nzara,Nzara Centre,Nzara Centre,31
Western Equatorial State,Nzara,Nzara Centre,Nzara Centre,31
Western Equatorial State,Nzara,Nzara Centre,Nzara Centre,31
Western Equatorial State,Nzara,Nzara Centre,Yabongo,31
Western Equatorial State,Nzara,Ringasi,Ringasi West,31
Western Equatorial State,Nzara,Sakure,Bakpara,31
Western Equatorial State,Nzara,Sakure,Bakpara,31
Western Equatorial State,Nzara,Sakure,Bangi,31
Western Equatorial State,Nzara,Sakure,Bure Maku,31
Western Equatorial State,Nzara,Sakure,Bureangburu,31
Western Equatorial State,Nzara,Sakure,Sakure Centre,31
Western Equatorial State,Nzara,Sangua,Dingapa,31
Western Equatorial State,Nzara,Sangua,Sagua One,31
Western Equatorial State,Nzara,Sangua,Sangua Two,31
Western Equatorial State,Yambio,Bangasu,Bangasu,31
Western Equatorial State,Yambio,Bangasu,Bangasu,31
Western Equatorial State,Yambio,Bangasu,Bangasu,31
Western Equatorial State,Yambio,Bangasu,Bangasu,31
Western Equatorial State,Yambio,Bangasu,Bangasu,31
Western Equatorial State,Yambio,Bangasu,Birezigbo,31
Western Equatorial State,Yambio,Bangasu,Hukuo,31
Western Equatorial State,Yambio,Bangasu,James Diko,31
Western Equatorial State,Yambio,Bangasu,Nyaka,31
Western Equatorial State,Yambio,Bangasu,Rimenze,31
Western Equatorial State,Yambio,Bangasu,Rimenze,31
Western Equatorial State,Yambio,Bangasu,Rimenze,31
Western Equatorial State,Yambio,Gangura,Birisi,31
Western Equatorial State,Yambio,Gangura,Birisi,31
Western Equatorial State,Yambio,Gangura,Gangura,31
Western Equatorial State,Yambio,Gangura,Gangura,31
Western Equatorial State,Yambio,Gangura,Gangura,31
Western Equatorial State,Yambio,Gangura,Masumbu,31
Western Equatorial State,Yambio,Gangura,Nabiapai,31
Western Equatorial State,Yambio,Gangura,Nangume,31
Western Equatorial State,Yambio,Gangura,Nanguruza,31
Western Equatorial State,Yambio,Nadiangere,Nadiangere Centre,31
Western Equatorial State,Yambio,Nadiangere,Nangume,31
Western Equatorial State,Yambio,Ri-rangu,Benzimifoki,31
Western Equatorial State,Yambio,Ri-rangu,Mombai,31
Western Equatorial State,Yambio,Ri-rangu,Nabima,31
Western Equatorial State,Yambio,Ri-rangu,Ri-rangu Centre,31
Western Equatorial State,Yambio,Ri-rangu,Ri-rangu Centre,31
Western Equatorial State,Yambio,Yambio Town,Bazungua,31
Western Equatorial State,Yambio,Yambio Town,Bazungua,31
Western Equatorial State,Yambio,Yambio Town,Bazungua,31
Western Equatorial State,Yambio,Yambio Town,Bazungua,31
Western Equatorial State,Yambio,Yambio Town,Bazungua,31
Western Equatorial State,Yambio,Yambio Town,Bazungua,31
Western Equatorial State,Yambio,Yambio Town,Bodo,31
Western Equatorial State,Yambio,Yambio Town,Bodo,31
Western Equatorial State,Yambio,Yambio Town,Gangara emelia,31
Western Equatorial State,Yambio,Yambio Town,Gangura,31
Western Equatorial State,Yambio,Yambio Town,Hai Baiparu,31
Western Equatorial State,Yambio,Yambio Town,Hai Bakindo,31
Western Equatorial State,Yambio,Yambio Town,Hai Kabash,31
Western Equatorial State,Yambio,Yambio Town,Hai Kuzee,31
Western Equatorial State,Yambio,Yambio Town,Hai Kuzee,31
Western Equatorial State,Yambio,Yambio Town,Hai Tarawa,31
Western Equatorial State,Yambio,Yambio Town,Hai Tarawa,31
Western Equatorial State,Yambio,Yambio Town,Masiya,31
Western Equatorial State,Yambio,Yambio Town,Naduru,31
Western Equatorial State,Yambio,Yambio Town,Naduru,31
Western Equatorial State,Yambio,Yambio Town,Ndavuro,31
Western Equatorial State,Yambio,Yambio Town,Ngindo,31
Western Equatorial State,Yambio,Yambio Town,Ngindo,31
Western Equatorial State,Yambio,Yambio Town,Ngindo,31
Western Equatorial State,Yambio,Yambio Town,Ngindo,31
Western Equatorial State,Yambio,Yambio Town,Rii-Rangu,31
Western Equatorial State,Yambio,Yambio Town,Saura,31
Western Equatorial State,Yambio,Yambio Town,Saura,31
Western Equatorial State,Yambio,Yambio Town,Yabongo,31
Western Equatorial State,Yambio,Yambio Town,Yabongo,31
Western Equatorial State,Yambio,Yambio Town,Yabongo,31
Western Equatorial State,Yambio,Yambio Town,Yambio,31
Western Equatorial State,Yambio,Yambio Town,Yambio,31
Western Equatorial State,Ibba,Ibba Centre,Namarabia,31
Western Equatorial State,Ibba,Ibba Centre,Namarabia,31
Western Equatorial State,Ibba,Ibba Centre,Namarabia,31
Western Equatorial State,Ibba,Ibba Centre,Namarabia,31
Western Equatorial State,Ibba,Ibba Centre,Namarabia,31
Western Equatorial State,Ibba,Ibba Centre,Ngungua,31
Western Equatorial State,Ibba,Ibba Centre,Ngungua,31
Western Equatorial State,Ibba,Madebe,Madebe Centre,31
Western Equatorial State,Ibba,Madebe,Madebe Centre,31
Western Equatorial State,Ibba,Manikakara,Manikakara Centre,31
Western Equatorial State,Ibba,Manikakara,Rubu,31
Western Equatorial State,Ibba,Maruko,Manzangbi,31
Western Equatorial State,Ibba,Maruko,Maruko Centre,31
Western Equatorial State,Ibba,Maruko,Tanamuko,31
Western Equatorial State,Ibba,Maruko,Tanamuko,31
Western Equatorial State,Ibba,Nabanga,Gbua,31
Western Equatorial State,Ibba,Nabanga,Nabanga  Centre,31
Western Equatorial State,Ibba,Nabanga,Nabanga  Centre,31
Western Equatorial State,Ibba,Nabanga,Nabanga  Centre,31
Western Equatorial State,Maridi,Kozi,Amaki,31
Western Equatorial State,Maridi,Kozi,Amaki,31
Western Equatorial State,Maridi,Kozi,Kozi,31
Western Equatorial State,Maridi,Kozi,Ngode,31
Western Equatorial State,Maridi,Landili,Bingo,31
Western Equatorial State,Maridi,Landili,Dorolili,31
Western Equatorial State,Maridi,Mambe,Eyira,31
Western Equatorial State,Maridi,Mambe,Eyira,31
Western Equatorial State,Maridi,Mambe,Mambe,31
Western Equatorial State,Maridi,Mambe,Mambe,31
Western Equatorial State,Maridi,Mambe,Mambe,31
Western Equatorial State,Maridi,Mambe,Olo,31
Western Equatorial State,Maridi,Mambe,Olo,31
Western Equatorial State,Maridi,Maridi,Mabirindi,31
Western Equatorial State,Maridi,Maridi,Mabirindi,31
Western Equatorial State,Maridi,Maridi,Mabirindi,31
Western Equatorial State,Maridi,Maridi,Mabirindi,31
Western Equatorial State,Maridi,Maridi,Mabirindi,31
Western Equatorial State,Maridi,Maridi,Malakia,31
Western Equatorial State,Maridi,Maridi,Malakia,31
Western Equatorial State,Maridi,Maridi,Mboroko,31
Western Equatorial State,Maridi,Maridi,Mboroko,31
Western Equatorial State,Maridi,Maridi,Mboroko,31
Western Equatorial State,Maridi,Maridi,Mboroko,31
Western Equatorial State,Maridi,Maridi,Modubai,31
Western Equatorial State,Maridi,Maridi,Nagbaka,31
Western Equatorial State,Maridi,Maridi,Nagbaka,31
Western Equatorial State,Maridi,Ngamunde,E'di,31
Western Equatorial State,Maridi,Ngamunde,E'di,31
Western Equatorial State,Maridi,Ngamunde,E'di,31
Western Equatorial State,Maridi,Ngamunde,Kuwanga,31
Western Equatorial State,Maridi,Ngamunde,Kuwanga,31
Western Equatorial State,Maridi,Ngamunde,Mekke,31
Western Equatorial State,Nagero,Nagero,Bandala,31
Western Equatorial State,Nagero,Nagero,Bandala,31
Western Equatorial State,Nagero,Nagero,Diayanga,31
Western Equatorial State,Nagero,Nagero,Maringindo,31
Western Equatorial State,Nagero,Nagero,Nagero Centre,31
Western Equatorial State,Nagero,Nagero,Zamoi,31
Western Equatorial State,Nagero,Namutina,Akpa,31
Western Equatorial State,Nagero,Namutina,Namutina Centre,31
Western Equatorial State,Tambura,Mupoi,Nangume,31
Western Equatorial State,Tambura,Mupoi,Nangume,31
Western Equatorial State,Tambura,Mupoi,Senenguse,31
Western Equatorial State,Tambura,Namutina,Kpangima,31
Western Equatorial State,Tambura,Source Yubu,Mabenge,31
Western Equatorial State,Tambura,Source Yubu,Ngboko,31
Western Equatorial State,Tambura,Source Yubu,Saba Mile,31
Western Equatorial State,Tambura,Source Yubu,Source Yubu Centre,31
Western Equatorial State,Tambura,Tambura,Gberezagino,31
Western Equatorial State,Tambura,Tambura,Kenia,31
Western Equatorial State,Tambura,Tambura,Mabaiku,31
Western Equatorial State,Tambura,Tambura,Mabaiku,31
Western Equatorial State,Tambura,Tambura,Mangburu,31
Western Equatorial State,Tambura,Tambura,Mangburu,31
Western Equatorial State,Tambura,Tambura,Matakurungu,31
Western Equatorial State,Tambura,Tambura,Tambura East,31
Western Equatorial State,Tambura,Tambura,Tambura East,31
Western Equatorial State,Tambura,Tambura,Tambura East,31
Western Equatorial State,Tambura,Tambura,Tambura West,31
Western Equatorial State,Tambura,Tambura,Tambura West,31
Western Equatorial State,Tambura,Tambura,Zangia,31
Western Equatorial State,Tambura,Tambura,Zangia,31
Central Equatorial State,Juba,Bungu,Kworojik-Bungu,32
Central Equatorial State,Juba,Dolo,Kuda,32
Central Equatorial State,Juba,Dolo,Kuda,32
Central Equatorial State,Juba,Dolo,Kuda,32
Central Equatorial State,Juba,Dolo,Sirimon,32
Central Equatorial State,Juba,Dolo,Sirimon,32
Central Equatorial State,Juba,Dolo,Sure,32
Central Equatorial State,Juba,Dolo,Tulyang,32
Central Equatorial State,Juba,Dolo,Tulyang,32
Central Equatorial State,Juba,Dolo,Tulyang,32
Central Equatorial State,Juba,Dolo,Tulyang,32
Central Equatorial State,Juba,Dolo,Tulyang,32
Central Equatorial State,Juba,Dolo,Tulyang,32
Central Equatorial State,Juba,Dolo,Tulyang,32
Central Equatorial State,Juba,Dolo,Tulyang,32
Central Equatorial State,Juba,Ganji,Kagwada,32
Central Equatorial State,Juba,Ganji,Kagwada,32
Central Equatorial State,Juba,Ganji,Kulipapa,32
Central Equatorial State,Juba,Gondokoro,Garbu,32
Central Equatorial State,Juba,Gondokoro,Monanyik,32
Central Equatorial State,Juba,Juba Town,Dresses Line,32
Central Equatorial State,Juba,Juba Town,Dresses Line,32
Central Equatorial State,Juba,Juba Town,Dresses Line,32
Central Equatorial State,Juba,Juba Town,Hai Gabat,32
Central Equatorial State,Juba,Juba Town,Hai Gabat,32
Central Equatorial State,Juba,Juba Town,Hai Malakal,32
Central Equatorial State,Juba,Juba Town,Hai Nyakama,32
Central Equatorial State,Juba,Juba Town,Hai Orselim,32
Central Equatorial State,Juba,Juba Town,Hai Orselim,32
Central Equatorial State,Juba,Juba Town,Hai Orselim,32
Central Equatorial State,Juba,Juba Town,Hai Orselim,32
Central Equatorial State,Juba,Juba Town,Juba Quarter Council,32
Central Equatorial State,Juba,Juba Town,Juba Quarter Council,32
Central Equatorial State,Juba,Juba Town,Juba Quarter Council,32
Central Equatorial State,Juba,Juba Town,Juba Quarter Council,32
Central Equatorial State,Juba,Juba Town,Juba Quarter Council,32
Central Equatorial State,Juba,Kator,Atlabara,32
Central Equatorial State,Juba,Kator,Kator Centre,32
Central Equatorial State,Juba,Kator,Kator Centre,32
Central Equatorial State,Juba,Kator,Konyo Konyo,32
Central Equatorial State,Juba,Kator,Lologo,32
Central Equatorial State,Juba,Lirya,Lirya Centre,32
Central Equatorial State,Juba,Lirya,Lyongori,32
Central Equatorial State,Juba,Lirya,Ngangala,32
Central Equatorial State,Juba,Lirya,Ngulere,32
Central Equatorial State,Juba,Lobonok,Karpeto,32
Central Equatorial State,Juba,Lobonok,Luwalla,32
Central Equatorial State,Juba,Lobonok,Tombur,32
Central Equatorial State,Juba,Lobonok,Tombur,32
Central Equatorial State,Juba,Lobonok,Tombur,32
Central Equatorial State,Juba,Lobonok,Tombur,32
Central Equatorial State,Juba,Lobonok,Tombur,32
Central Equatorial State,Juba,Lokiliri,Aru,32
Central Equatorial State,Juba,Lokiliri,Aru,32
Central Equatorial State,Juba,Lokiliri,Jaliet-Kudow,32
Central Equatorial State,Juba,Lokiliri,Jaliet-Kudow,32
Central Equatorial State,Juba,Lokiliri,Lokiliri Centre,32
Central Equatorial State,Juba,Lokiliri,Lokiliri Centre,32
Central Equatorial State,Juba,Lokiliri,Odemu,32
Central Equatorial State,Juba,Mangala North,Mangala Centre,32
Central Equatorial State,Juba,Mangala South,Bilinyang,32
Central Equatorial State,Juba,Mangala South,Bilinyang,32
Central Equatorial State,Juba,Mangala South,Magiri,32
Central Equatorial State,Juba,Mangala South,Magiri,32
Central Equatorial State,Juba,Munuki,Dar-Salam,32
Central Equatorial State,Juba,Munuki,Dar-Salam,32
Central Equatorial State,Juba,Munuki,Hai Kwuit,32
Central Equatorial State,Juba,Munuki,Hai Kwuit,32
Central Equatorial State,Juba,Munuki,Hai Mouna,32
Central Equatorial State,Juba,Munuki,Hai Mouna,32
Central Equatorial State,Juba,Munuki,Hai Mouna,32
Central Equatorial State,Juba,Munuki,Hai Mouna,32
Central Equatorial State,Juba,Munuki,Hai Mouna,32
Central Equatorial State,Juba,Munuki,Hai Seminary,32
Central Equatorial State,Juba,Munuki,Munuki Block C,32
Central Equatorial State,Juba,Munuki,Munuki Island,32
Central Equatorial State,Juba,Munuki,Nyokuron North,32
Central Equatorial State,Juba,Munuki,Nyokuron South,32
Central Equatorial State,Juba,Munuki,Nyokuron West,32
Central Equatorial State,Juba,Northern Bari,Jebel Ladu,32
Central Equatorial State,Juba,Northern Bari,Juba Na Bari,32
Central Equatorial State,Juba,Northern Bari,Juba Na Bari,32
Central Equatorial State,Juba,Northern Bari,Juba Na Bari,32
Central Equatorial State,Juba,Northern Bari,Juba Na Bari,32
Central Equatorial State,Juba,Northern Bari,Luri,32
Central Equatorial State,Juba,Northern Bari,Luri,32
Central Equatorial State,Juba,Northern Bari,Luri,32
Central Equatorial State,Juba,Northern Bari,Luri,32
Central Equatorial State,Juba,Northern Bari,Luri,32
Central Equatorial State,Juba,Northern Bari,Tendere,32
Central Equatorial State,Juba,Northern Bari,Tendere,32
Central Equatorial State,Juba,Rejaf,Gumbo,32
Central Equatorial State,Juba,Rejaf,Logo East,32
Central Equatorial State,Juba,Rejaf,Logo West,32
Central Equatorial State,Juba,Rokon,Kugi,32
Central Equatorial State,Juba,Rokon,Kugi,32
Central Equatorial State,Juba,Rokon,Mirikiyo,32
Central Equatorial State,Juba,Rokon,Mirikiyo,32
Central Equatorial State,Juba,Rokon,Rokon Centre,32
Central Equatorial State,Juba,Rokon,Rokon Centre,32
Central Equatorial State,Juba,Rokon,Toko-Ko-Tulu,32
Central Equatorial State,Juba,Wonduruba,Katigiri,32
Central Equatorial State,Juba,Wonduruba,Katigiri,32
Central Equatorial State,Juba,Wonduruba,Katigiri,32
Central Equatorial State,Juba,Wonduruba,Logwilu,32
Central Equatorial State,Juba,Wonduruba,Logwilu,32
Central Equatorial State,Juba,Wonduruba,Logwilu,32
Central Equatorial State,Juba,Wonduruba,Maliyo,32
Central Equatorial State,Juba,Wonduruba,Maliyo,32
Central Equatorial State,Juba,Wonduruba,Moje,32
Central Equatorial State,Terekeka,Gameiza,Buju/Lojora,32
Central Equatorial State,Terekeka,Muni,Bokana,32
Central Equatorial State,Terekeka,Muni,Bokana,32
Central Equatorial State,Terekeka,Muni,Tukoro,32
Central Equatorial State,Terekeka,Muni,Tukoro,32
Central Equatorial State,Terekeka,Nyori,Loki,32
Central Equatorial State,Terekeka,Nyori,Loki,32
Central Equatorial State,Terekeka,Nyori,Maridi,32
Central Equatorial State,Terekeka,Nyori,Maridi,32
Central Equatorial State,Terekeka,Reggo,Buju/Lojora,32
Central Equatorial State,Terekeka,Reggo,Buju/Lojora,32
Central Equatorial State,Terekeka,Reggo,Buju/Lojora,32
Central Equatorial State,Terekeka,Reggo,Buranga,32
Central Equatorial State,Terekeka,Reggo,Buranga,32
Central Equatorial State,Terekeka,Reggo,Buranga,32
Central Equatorial State,Terekeka,Reggo,Buranga,32
Central Equatorial State,Terekeka,Reggo,Longi,32
Central Equatorial State,Terekeka,Reggo,Longi,32
Central Equatorial State,Terekeka,Reggo,Longi,32
Central Equatorial State,Terekeka,Reggo,Longi,32
Central Equatorial State,Terekeka,Reggo,Mirindia,32
Central Equatorial State,Terekeka,Reggo,Mirindia,32
Central Equatorial State,Terekeka,Rijong,Jonkok Payaya,32
Central Equatorial State,Terekeka,Rijong,Kowori,32
Central Equatorial State,Terekeka,Rijong,Kowori,32
Central Equatorial State,Terekeka,Tali,Bari,32
Central Equatorial State,Terekeka,Tali,Dari,32
Central Equatorial State,Terekeka,Tali,Dari,32
Central Equatorial State,Terekeka,Tali,Dudu,32
Central Equatorial State,Terekeka,Tali,Jobur,32
Central Equatorial State,Terekeka,Tali,Jobur,32
Central Equatorial State,Terekeka,Tali,Jobur,32
Central Equatorial State,Terekeka,Tali,Jokari,32
Central Equatorial State,Terekeka,Tali,Makido,32
Central Equatorial State,Terekeka,Tali,Mijiki,32
Central Equatorial State,Terekeka,Tali,Pagara,32
Central Equatorial State,Terekeka,Terekeka,Buko,32
Central Equatorial State,Terekeka,Terekeka,Buko,32
Central Equatorial State,Terekeka,Terekeka,Nyikabur,32
Central Equatorial State,Terekeka,Terekeka,Nyikabur,32
Central Equatorial State,Terekeka,Tijor,Buko,32
Central Equatorial State,Terekeka,Tijor,Guru-Lo-Toggu,32
Central Equatorial State,Terekeka,Tijor,Tijor Centre,32
Central Equatorial State,Terekeka,Tindilo,Bureng,32
Central Equatorial State,Terekeka,Tindilo,Bureng,32
Central Equatorial State,Terekeka,Tindilo,Mundari Bura,32
Central Equatorial State,Terekeka,Tombek,Bori,32
Central Equatorial State,Terekeka,Tombek,Swak-lee,32
Central Equatorial State,Kajo-Keji,Kangapo One,Kigwo,32
Central Equatorial State,Kajo-Keji,Kangapo One,Kiri,32
Central Equatorial State,Kajo-Keji,Kangapo One,Leikor,32
Central Equatorial State,Kajo-Keji,Kangapo One,Limi,32
Central Equatorial State,Kajo-Keji,Kangapo One,Litoba,32
Central Equatorial State,Kajo-Keji,Kangapo One,Moijo,32
Central Equatorial State,Kajo-Keji,Kangapo One,Pomoju,32
Central Equatorial State,Kajo-Keji,Kangapo One,Pomoju,32
Central Equatorial State,Kajo-Keji,Kangapo One,Sera-Jale,32
Central Equatorial State,Kajo-Keji,Kangapo One,Sera-Jale,32
Central Equatorial State,Kajo-Keji,Kangapo One,Sera-Jale,32
Central Equatorial State,Kajo-Keji,Kangapo Two,Bori,32
Central Equatorial State,Kajo-Keji,Kangapo Two,Bori,32
Central Equatorial State,Kajo-Keji,Kangapo Two,Jalimo,32
Central Equatorial State,Kajo-Keji,Kangapo Two,Jalimo,32
Central Equatorial State,Kajo-Keji,Kangapo Two,Jalimo,32
Central Equatorial State,Kajo-Keji,Kangapo Two,Kinyiba,32
Central Equatorial State,Kajo-Keji,Kangapo Two,Kinyiba,32
Central Equatorial State,Kajo-Keji,Kangapo Two,Logili,32
Central Equatorial State,Kajo-Keji,Kangapo Two,Logu,32
Central Equatorial State,Kajo-Keji,Kangapo Two,Wudu,32
Central Equatorial State,Kajo-Keji,Kangapo Two,Wudu,32
Central Equatorial State,Kajo-Keji,Kangapo Two,Wudu,32
Central Equatorial State,Kajo-Keji,Kangapo Two,Wudu,32
Central Equatorial State,Kajo-Keji,Lire,Kudaji,32
Central Equatorial State,Kajo-Keji,Lire,Likamerok,32
Central Equatorial State,Kajo-Keji,Lire,Likamerok,32
Central Equatorial State,Kajo-Keji,Lire,Likamerok,32
Central Equatorial State,Kajo-Keji,Lire,Longira,32
Central Equatorial State,Kajo-Keji,Lire,Mekir,32
Central Equatorial State,Kajo-Keji,Lire,Mere,32
Central Equatorial State,Kajo-Keji,Lire,Romogi,32
Central Equatorial State,Kajo-Keji,Liwolo,Ajio,32
Central Equatorial State,Kajo-Keji,Liwolo,Ajio,32
Central Equatorial State,Kajo-Keji,Liwolo,Ajio,32
Central Equatorial State,Kajo-Keji,Liwolo,Kala,32
Central Equatorial State,Kajo-Keji,Liwolo,Kerwa,32
Central Equatorial State,Kajo-Keji,Liwolo,Kerwa,32
Central Equatorial State,Kajo-Keji,Liwolo,Kerwa,32
Central Equatorial State,Kajo-Keji,Liwolo,Mangalatore,32
Central Equatorial State,Kajo-Keji,Liwolo,Mangalatore,32
Central Equatorial State,Kajo-Keji,Liwolo,Sokare,32
Central Equatorial State,Kajo-Keji,Liwolo,Sokare,32
Central Equatorial State,Kajo-Keji,Nyepo,Gederu,32
Central Equatorial State,Kajo-Keji,Nyepo,Gederu,32
Central Equatorial State,Kajo-Keji,Nyepo,Kansuk,32
Central Equatorial State,Kajo-Keji,Nyepo,Kansuk,32
Central Equatorial State,Kajo-Keji,Nyepo,Lori,32
Central Equatorial State,Kajo-Keji,Nyepo,Rodo,32
Central Equatorial State,Lainya,Kenyi,Kenyi Centre,32
Central Equatorial State,Lainya,Kenyi,Kenyi Centre,32
Central Equatorial State,Lainya,Kenyi,Kenyi Centre,32
Central Equatorial State,Lainya,Kenyi,Limbe,32
Central Equatorial State,Lainya,Kenyi,Loka West,32
Central Equatorial State,Lainya,Kenyi,Loka West,32
Central Equatorial State,Lainya,Kupera,Korobe,32
Central Equatorial State,Lainya,Kupera,Korobe,32
Central Equatorial State,Lainya,Kupera,Korobe,32
Central Equatorial State,Lainya,Kupera,Kupera,32
Central Equatorial State,Lainya,Kupera,Kupera,32
Central Equatorial State,Lainya,Kupera,Kupera,32
Central Equatorial State,Lainya,Kupera,Mundu,32
Central Equatorial State,Lainya,Lainya,Bereka,32
Central Equatorial State,Lainya,Lainya,Bereka,32
Central Equatorial State,Lainya,Lainya,Logwili,32
Central Equatorial State,Lainya,Lainya,Logwili,32
Central Equatorial State,Lainya,Lainya,Logwili,32
Central Equatorial State,Lainya,Lainya,Lokurubang,32
Central Equatorial State,Lainya,Lainya,Lokurubang,32
Central Equatorial State,Lainya,Lainya,Lokurubang,32
Central Equatorial State,Lainya,Mukaya,Biri,32
Central Equatorial State,Lainya,Mukaya,Biri,32
Central Equatorial State,Lainya,Mukaya,Dimu One,32
Central Equatorial State,Lainya,Mukaya,Dimu One,32
Central Equatorial State,Lainya,Mukaya,Lorega,32
Central Equatorial State,Lainya,Wuji,Dongoro,32
Central Equatorial State,Lainya,Wuji,Dongoro,32
Central Equatorial State,Lainya,Wuji,Dongoro,32
Central Equatorial State,Lainya,Wuji,Koyoki,32
Central Equatorial State,Lainya,Wuji,Koyoki,32
Central Equatorial State,Lainya,Wuji,Koyoki,32
Central Equatorial State,Lainya,Wuji,Wuji Centre,32
Central Equatorial State,Morobo,Gulumbi,Kendila,32
Central Equatorial State,Morobo,Gulumbi,Kili-kili,32
Central Equatorial State,Morobo,Gulumbi,Kindi,32
Central Equatorial State,Morobo,Kimba,Kaya,32
Central Equatorial State,Morobo,Kimba,Kimba Centre,32
Central Equatorial State,Morobo,Kimba,Yondu,32
Central Equatorial State,Morobo,Lujulo,Kembe,32
Central Equatorial State,Morobo,Lujulo,Kendre,32
Central Equatorial State,Morobo,Lujulo,Yugufe,32
Central Equatorial State,Morobo,Panyume,Panyume Centre,32
Central Equatorial State,Morobo,Panyume,Yaribe,32
Central Equatorial State,Morobo,Wudabi,Aloto,32
Central Equatorial State,Morobo,Wudabi,Geri,32
Central Equatorial State,Morobo,Wudabi,Geri,32
Central Equatorial State,Yei,Lasu,Asoli,32
Central Equatorial State,Yei,Lasu,Asoli,32
Central Equatorial State,Yei,Lasu,Asoli,32
Central Equatorial State,Yei,Lasu,Lasu Centre,32
Central Equatorial State,Yei,Lasu,Lasu Centre,32
Central Equatorial State,Yei,Lasu,Tokori,32
Central Equatorial State,Yei,Lasu,Tokori,32
Central Equatorial State,Yei,Mugwo,Jombu,32
Central Equatorial State,Yei,Mugwo,Longamere,32
Central Equatorial State,Yei,Mugwo,Longamere,32
Central Equatorial State,Yei,Mugwo,Payawa,32
Central Equatorial State,Yei,Mugwo,Yari,32
Central Equatorial State,Yei,Otogo,Goja,32
Central Equatorial State,Yei,Otogo,Goja,32
Central Equatorial State,Yei,Otogo,Goja,32
Central Equatorial State,Yei,Otogo,Logo,32
Central Equatorial State,Yei,Otogo,Mongo,32
Central Equatorial State,Yei,Otogo,Mongo,32
Central Equatorial State,Yei,Otogo,Ombasi,32
Central Equatorial State,Yei,Otogo,Ombasi,32
Central Equatorial State,Yei,Otogo,Wotogo,32
Central Equatorial State,Yei,Otogo,Wotogo,32
Central Equatorial State,Yei,Tore,Adio,32
Central Equatorial State,Yei,Tore,Adio,32
Central Equatorial State,Yei,Tore,Avokaya,32
Central Equatorial State,Yei,Tore,Avokaya,32
Central Equatorial State,Yei,Tore,Baka,32
Central Equatorial State,Yei,Tore,Mundu,32
Central Equatorial State,Yei,Tore,Mundu,32
Central Equatorial State,Yei,Yei Town,Gimunu,32
Central Equatorial State,Yei,Yei Town,Gimunu,32
Central Equatorial State,Yei,Yei Town,Hai Sobe Zone,32
Central Equatorial State,Yei,Yei Town,Jigomoni,32
Central Equatorial State,Yei,Yei Town,Jigomoni,32
Central Equatorial State,Yei,Yei Town,Jonsuk Zone,32
Central Equatorial State,Yei,Yei Town,Minyori,32
Central Equatorial State,Yei,Yei Town,Pakula,32
Central Equatorial State,Yei,Yei Town,Ronyi,32
Central Equatorial State,Yei,Yei Town,Ronyi,32
Eastern Equatorial State,Ikotos,Hatire,Gilo,33
Eastern Equatorial State,Ikotos,Hatire,Hatire,33
Eastern Equatorial State,Ikotos,Hatire,Imilai,33
Eastern Equatorial State,Ikotos,Ikotos,Huma,33
Eastern Equatorial State,Ikotos,Ikotos,Ikotos,33
Eastern Equatorial State,Ikotos,Ikotos,Ikotos,33
Eastern Equatorial State,Ikotos,Ikotos,Ngutube,33
Eastern Equatorial State,Ikotos,Ikotos,Tseretenya,33
Eastern Equatorial State,Ikotos,Imotong,Geria,33
Eastern Equatorial State,Ikotos,Imotong,Hiniso,33
Eastern Equatorial State,Ikotos,Imotong,Hiniso,33
Eastern Equatorial State,Ikotos,Imotong,Ifosi,33
Eastern Equatorial State,Ikotos,Imotong,Ingoi,33
Eastern Equatorial State,Ikotos,Imotong,Lomuceny,33
Eastern Equatorial State,Ikotos,Lomohidang North,Chahari,33
Eastern Equatorial State,Ikotos,Lomohidang North,Chahari,33
Eastern Equatorial State,Ikotos,Lomohidang North,Isoke,33
Eastern Equatorial State,Ikotos,Lomohidang North,Isoke,33
Eastern Equatorial State,Ikotos,Lomohidang North,Mangala,33
Eastern Equatorial State,Ikotos,Lomohidang South,Chorokol,33
Eastern Equatorial State,Ikotos,Lomohidang South,Chorokol,33
Eastern Equatorial State,Ikotos,Lomohidang South,Lodwara,33
Eastern Equatorial State,Ikotos,Lomohidang South,Okorohore,33
Eastern Equatorial State,Ikotos,Lomohidang South,Ramula,33
Eastern Equatorial State,Ikotos,Losite,Lopus,33
Eastern Equatorial State,Ikotos,Losite,Lopus,33
Eastern Equatorial State,Ikotos,Losite,Lotome,33
Eastern Equatorial State,Ikotos,Losite,Nakoringole,33
Eastern Equatorial State,Ikotos,Losite,Namarati,33
Eastern Equatorial State,Ikotos,Losite,Napeyasi,33
Eastern Equatorial State,Lafon/Lopa,Arihilo,Dorik,33
Eastern Equatorial State,Lafon/Lopa,Arihilo,Tentet,33
Eastern Equatorial State,Lafon/Lopa,Arihilo,Tentet,33
Eastern Equatorial State,Lafon/Lopa,Burgilo,Lafon,33
Eastern Equatorial State,Lafon/Lopa,Burgilo,Lafon,33
Eastern Equatorial State,Lafon/Lopa,Burgilo,Taar,33
Eastern Equatorial State,Lafon/Lopa,Burgilo,Wipuboi,33
Eastern Equatorial State,Lafon/Lopa,Imehejek,Ihirang,33
Eastern Equatorial State,Lafon/Lopa,Imehejek,Mura-Lopit,33
Eastern Equatorial State,Lafon/Lopa,Kurumi,Adeba,33
Eastern Equatorial State,Lafon/Lopa,Kurumi,Kuji,33
Eastern Equatorial State,Lafon/Lopa,Kurumi,Ugwil,33
Eastern Equatorial State,Lafon/Lopa,Kurumi,Ugwil,33
Eastern Equatorial State,Lafon/Lopa,Lohutok,Iboni,33
Eastern Equatorial State,Lafon/Lopa,Lohutok,Iboni,33
Eastern Equatorial State,Lafon/Lopa,Lohutok,Iboni,33
Eastern Equatorial State,Lafon/Lopa,Lohutok,Iboni,33
Eastern Equatorial State,Lafon/Lopa,Lohutok,Iboni,33
Eastern Equatorial State,Lafon/Lopa,Lohutok,Lohutok,33
Eastern Equatorial State,Lafon/Lopa,Lohutok,Lohutok,33
Eastern Equatorial State,Lafon/Lopa,Lohutok,Loming,33
Eastern Equatorial State,Lafon/Lopa,Lohutok,Mura-Lolongo,33
Eastern Equatorial State,Lafon/Lopa,Longiro,Idali,33
Eastern Equatorial State,Lafon/Lopa,Longiro,Idali,33
Eastern Equatorial State,Lafon/Lopa,Longiro,Longiro,33
Eastern Equatorial State,Lafon/Lopa,Longiro,Ngaboli,33
Eastern Equatorial State,Lafon/Lopa,Marguna,Amiru,33
Eastern Equatorial State,Lafon/Lopa,Marguna,Bwodo,33
Eastern Equatorial State,Lafon/Lopa,Marguna,Ukwanya,33
Eastern Equatorial State,Lafon/Lopa,Marguna,Ukwanya,33
Eastern Equatorial State,Lafon/Lopa,Pachidi,Lwalla,33
Eastern Equatorial State,Lafon/Lopa,Pachidi,Lwalla,33
Eastern Equatorial State,Lafon/Lopa,Pachidi,Upuo,33
Eastern Equatorial State,Lafon/Lopa,Pachidi,Upuo,33
Eastern Equatorial State,Magwi,Lobone,Isore,33
Eastern Equatorial State,Magwi,Lobone,Lobone I,33
Eastern Equatorial State,Magwi,Lobone,Lobone II,33
Eastern Equatorial State,Magwi,Lobone,Lobone III,33
Eastern Equatorial State,Magwi,Magwi,Agoro,33
Eastern Equatorial State,Magwi,Magwi,Agoro,33
Eastern Equatorial State,Magwi,Magwi,Agoro,33
Eastern Equatorial State,Magwi,Magwi,Lofirha,33
Eastern Equatorial State,Magwi,Magwi,Magwi,33
Eastern Equatorial State,Magwi,Magwi,Magwi,33
Eastern Equatorial State,Magwi,Magwi,Magwi,33
Eastern Equatorial State,Magwi,Magwi,Obbo,33
Eastern Equatorial State,Magwi,Magwi,Obbo,33
Eastern Equatorial State,Magwi,Magwi,Palotaka,33
Eastern Equatorial State,Magwi,Magwi,Panyikwara,33
Eastern Equatorial State,Magwi,Magwi,Panyikwara,33
Eastern Equatorial State,Magwi,Magwi,Panyikwara,33
Eastern Equatorial State,Magwi,Magwi,Panyikwara,33
Eastern Equatorial State,Magwi,Mugali,Longu,33
Eastern Equatorial State,Magwi,Mugali,Longu,33
Eastern Equatorial State,Magwi,Mugali,Masindi,33
Eastern Equatorial State,Magwi,Mugali,Masindi,33
Eastern Equatorial State,Magwi,Mugali,Masindi,33
Eastern Equatorial State,Magwi,Mugali,Masindi,33
Eastern Equatorial State,Magwi,Mugali,Mugali,33
Eastern Equatorial State,Magwi,Nimule,Abila,33
Eastern Equatorial State,Magwi,Nimule,Anzara,33
Eastern Equatorial State,Magwi,Nimule,Anzara,33
Eastern Equatorial State,Magwi,Nimule,Nimule,33
Eastern Equatorial State,Magwi,Pageri,Kerepi,33
Eastern Equatorial State,Magwi,Pageri,Kerepi,33
Eastern Equatorial State,Magwi,Pageri,Loa,33
Eastern Equatorial State,Magwi,Pageri,Loa,33
Eastern Equatorial State,Magwi,Pageri,Loa,33
Eastern Equatorial State,Magwi,Pageri,Loa,33
Eastern Equatorial State,Magwi,Pageri,Loa,33
Eastern Equatorial State,Magwi,Pageri,Moli,33
Eastern Equatorial State,Magwi,Pageri,Moli,33
Eastern Equatorial State,Magwi,Pageri,Moli,33
Eastern Equatorial State,Magwi,Pageri,Opari,33
Eastern Equatorial State,Magwi,Pageri,Owiny-Kibul,33
Eastern Equatorial State,Magwi,Pageri,Owiny-Kibul,33
Eastern Equatorial State,Magwi,Pageri,Pageri,33
Eastern Equatorial State,Magwi,Pageri,Pageri,33
Eastern Equatorial State,Magwi,Pageri,Pageri,33
Eastern Equatorial State,Magwi,Pajok,Pajok,33
Eastern Equatorial State,Magwi,Pajok,Pajok,33
Eastern Equatorial State,Magwi,Pajok,Pogee,33
Eastern Equatorial State,Magwi,Pajok,Pogee,33
Eastern Equatorial State,Magwi,Pajok,Pogee,33
Eastern Equatorial State,Magwi,Pajok,Pogee,33
Eastern Equatorial State,Torit,Bur,Autak,33
Eastern Equatorial State,Torit,Bur,Autak,33
Eastern Equatorial State,Torit,Bur,Bolore,33
Eastern Equatorial State,Torit,Bur,Bolore,33
Eastern Equatorial State,Torit,Bur,Loronyo,33
Eastern Equatorial State,Torit,Bur,Loudo,33
Eastern Equatorial State,Torit,Bur,Loudo,33
Eastern Equatorial State,Torit,Himodonge,Hileu,33
Eastern Equatorial State,Torit,Himodonge,Hileu,33
Eastern Equatorial State,Torit,Himodonge,Imilai,33
Eastern Equatorial State,Torit,Hiyala,Imatari,33
Eastern Equatorial State,Torit,Hiyala,Imatari,33
Eastern Equatorial State,Torit,Hiyala,Imatari,33
Eastern Equatorial State,Torit,Hiyala,Imatari,33
Eastern Equatorial State,Torit,Hiyala,Mura-Hatika,33
Eastern Equatorial State,Torit,Hiyala,Mura-Hatika,33
Eastern Equatorial State,Torit,Hiyala,Mura-Hatika,33
Eastern Equatorial State,Torit,Hiyala,Nyibira,33
Eastern Equatorial State,Torit,Hiyala,Nyibira,33
Eastern Equatorial State,Torit,Hiyala,Tirrangore,33
Eastern Equatorial State,Torit,Hiyala,Tirrangore,33
Eastern Equatorial State,Torit,Hiyala,Tuhubak,33
Eastern Equatorial State,Torit,Ifwotu,Imokoru,33
Eastern Equatorial State,Torit,Ifwotu,Imokoru,33
Eastern Equatorial State,Torit,Ifwotu,Motti,33
Eastern Equatorial State,Torit,Imurok,Central Imurok,33
Eastern Equatorial State,Torit,Imurok,Central Imurok,33
Eastern Equatorial State,Torit,Imurok,Chuful,33
Eastern Equatorial State,Torit,Imurok,Isalore,33
Eastern Equatorial State,Torit,Kudo,Hutala,33
Eastern Equatorial State,Torit,Kudo,Lofiriha,33
Eastern Equatorial State,Torit,Kudo,Loulang,33
Eastern Equatorial State,Torit,Kudo,Loulang,33
Eastern Equatorial State,Torit,Kudo,Lowoi North,33
Eastern Equatorial State,Torit,Kudo,Lowoi North,33
Eastern Equatorial State,Torit,Torit,Fodo-Fodo,33
Eastern Equatorial State,Torit,Torit,Nyong,33
Eastern Equatorial State,Torit,Torit,Nyong,33
Eastern Equatorial State,Torit,Torit,Nyong,33
Eastern Equatorial State,Torit,Torit,Nyong,33
Eastern Equatorial State,Torit,Torit,Nyong,33
Eastern Equatorial State,Torit,Yire,Chuful,33
Eastern Equatorial State,Torit,Yire,Hafai,33
Eastern Equatorial State,Torit,Yire,Motti,33
Eastern Equatorial State,Torit,Yire,Otose,33
Eastern Equatorial State,Budi,Kimotong,Tataman,33
Eastern Equatorial State,Budi,Komori,Kikilai,33
Eastern Equatorial State,Budi,Komori,Komori,33
Eastern Equatorial State,Budi,Komori,Komori,33
Eastern Equatorial State,Budi,Komori,Komori,33
Eastern Equatorial State,Budi,Komori,Lothigira,33
Eastern Equatorial State,Budi,Komori,Monita,33
Eastern Equatorial State,Budi,Loriyok,Kirongu,33
Eastern Equatorial State,Budi,Loriyok,Kirongu,33
Eastern Equatorial State,Budi,Loriyok,Ngarich,33
Eastern Equatorial State,Budi,Lotukei,Lorema,33
Eastern Equatorial State,Budi,Lotukei,Piobokoi,33
Eastern Equatorial State,Budi,Loudo,Charit,33
Eastern Equatorial State,Budi,Loudo,Charit,33
Eastern Equatorial State,Budi,Loudo,Kerewan,33
Eastern Equatorial State,Budi,Loudo,Ngatuba,33
Eastern Equatorial State,Budi,Nagishot,Kadumakuc,33
Eastern Equatorial State,Budi,Nagishot,Thuguro,33
Eastern Equatorial State,Budi,Napak,Chawa,33
Eastern Equatorial State,Budi,Nauro,Kibongorok,33
Eastern Equatorial State,Budi,Nauro,Kibongorok,33
Eastern Equatorial State,Budi,Nauro,Kilanya,33
Eastern Equatorial State,Budi,Nauro,Tulugi,33
Eastern Equatorial State,Kapoeta East,Jie,Chumameri,33
Eastern Equatorial State,Kapoeta East,Katodori,Kalokupe,33
Eastern Equatorial State,Kapoeta East,Katodori,Katodori,33
Eastern Equatorial State,Kapoeta East,Katodori,Nangatuny,33
Eastern Equatorial State,Kapoeta East,Kauto,Kuron,33
Eastern Equatorial State,Kapoeta East,Kauto,Namorpus,33
Eastern Equatorial State,Kapoeta East,Kauto,Nanyangacor,33
Eastern Equatorial State,Kapoeta East,Lotimor,Natubot,33
Eastern Equatorial State,Kapoeta East,Mogos,Lokitela,33
Eastern Equatorial State,Kapoeta East,Mogos,Moruarengan,33
Eastern Equatorial State,Kapoeta East,Narus,Kalacha,33
Eastern Equatorial State,Kapoeta East,Narus,Kaldo,33
Eastern Equatorial State,Kapoeta East,Narus,Lolim,33
Eastern Equatorial State,Kapoeta East,Narus,Naliel,33
Eastern Equatorial State,Kapoeta East,Narus,Narus,33
Eastern Equatorial State,Kapoeta East,Narus,Narus,33
Eastern Equatorial State,Kapoeta East,Narus,Narus,33
Eastern Equatorial State,Kapoeta East,Narus,Narus,33
Eastern Equatorial State,Kapoeta East,Natinga,Kabehenyang,33
Eastern Equatorial State,Kapoeta East,Natinga,Kamuto,33
Eastern Equatorial State,Kapoeta North,Chumakori,Morunyang,33
Eastern Equatorial State,Kapoeta North,Karukomuge,Kibak,33
Eastern Equatorial State,Kapoeta North,Karukomuge,Lokodei,33
Eastern Equatorial State,Kapoeta North,Karukomuge,Lokoges,33
Eastern Equatorial State,Kapoeta North,Karukomuge,Lokoges,33
Eastern Equatorial State,Kapoeta North,Karukomuge,Nabeleny-Tobok,33
Eastern Equatorial State,Kapoeta North,Karukomuge,Nakwaa,33
Eastern Equatorial State,Kapoeta North,Karukomuge,Nakwaa,33
Eastern Equatorial State,Kapoeta North,Lomeyen,Nalemusokon,33
Eastern Equatorial State,Kapoeta North,Mosingo,Lokwamor,33
Eastern Equatorial State,Kapoeta North,Mosingo,Loregai,33
Eastern Equatorial State,Kapoeta North,Mosingo,Loregai,33
Eastern Equatorial State,Kapoeta North,Najie,Nadomeit,33
Eastern Equatorial State,Kapoeta North,Najie,Nangoletirie,33
Eastern Equatorial State,Kapoeta North,Paringa,Choroi,33
Eastern Equatorial State,Kapoeta North,Paringa,Nabekerminit,33
Eastern Equatorial State,Kapoeta North,Paringa,Nabekerminit,33
Eastern Equatorial State,Kapoeta North,Paringa,Nyuda,33
Eastern Equatorial State,Kapoeta South,Kapoeta Town,Hai Tarawa,33
Eastern Equatorial State,Kapoeta South,Kapoeta Town,Nalingaro,33
Eastern Equatorial State,Kapoeta South,Longeleya,Kangatuny,33
Eastern Equatorial State,Kapoeta South,Machi I,Loming,33
Eastern Equatorial State,Kapoeta South,Machi I,Lourien,33
Eastern Equatorial State,Kapoeta South,Machi I,Napetet,33
Eastern Equatorial State,Kapoeta South,Machi I,Napetet,33
Eastern Equatorial State,Kapoeta South,Machi II,Lokwasinyon,33
Eastern Equatorial State,Kapoeta South,Machi II,Nakware,33
Eastern Equatorial State,Kapoeta South,Pwata,Nakicho,33
Eastern Equatorial State,Kapoeta South,Pwata,Napetait,33
Eastern Equatorial State,Kapoeta South,Pwata,Napetait,33
Eastern Equatorial State,Kapoeta South,Pwata,Napong,33